رقم التعليق,صاحب التعليق,الموضع,نص التعليق,النص المرتبط/السياق,حالة التغيير,الرد المقترح بالعربية,سؤال للتوضيح
0,Sherif Gomaa,Front matter,الضمائر ونحذف ضمائر الملكية,١٤. الضمائر,حُسم: الإبقاء على المحتوى,بناء على التأكيد، يُبقى محتوى ضمائر الملكية في الدرس تحت العنوان الأوسع «الضمائر».,
1,Ahmed Ebaid,Front matter,حُذفت عبارة «ضمائر الملكية» من عنوان الدرس. لم أحذف محتوى ضمائر الملكية من الدرس؛ أرجو تأكيد ما إذا كان المقصود حذف هذا الموضوع كله.,١٤. الضمائر,حُسم: الإبقاء على المحتوى,بناء على التأكيد، يُبقى محتوى ضمائر الملكية في الدرس تحت العنوان الأوسع «الضمائر».,
2,Sherif Gomaa,Front matter,نظام الجملة الفعلية,المستوى الثالث: نظام الجملة الفعلية,لم يُجرَ تعديل جديد؛ النص موجود حاليًا,لم أجرِ تعديلًا جديدًا لهذا الموضع في هذه الجولة. النص الحالي: «المستوى الثالث: نظام الجملة الفعلية».,
3,Ahmed Ebaid,Front matter,تم تعديل اسم المستوى إلى «نظام الجملة الفعلية».,المستوى الثالث: نظام الجملة الفعلية,ملاحظة توثيقية؛ لم تُضف كتغيير جديد,هذا تعليق توثيقي سابق يذكر: «تم تعديل اسم المستوى إلى «نظام الجملة الفعلية».». لا يُعدّ بحد ذاته تغييرًا جديدًا في هذه الجولة؛ راجع حالة النص في المنهج قبل اعتماد الرد.,
4,Sherif Gomaa,Front matter,والأمر,١٦. الفعل الماضي والمضارع والأمر,طُبّق,أُضيف فعل الأمر إلى عنوان الدرس ١٦ ومحتواه التمهيدي، مع إبقاء التفصيل في الأمر والنهي للدرس ٢٢.,
5,Ahmed Ebaid,Front matter,تمت اضافتها,١٦. الفعل الماضي والمضارع والأمر,ملاحظة توثيقية؛ لم تُضف كتغيير جديد,هذا تعليق توثيقي سابق يذكر: «تمت اضافتها». لا يُعدّ بحد ذاته تغييرًا جديدًا في هذه الجولة؛ راجع حالة النص في المنهج قبل اعتماد الرد.,
6,Copilot,Front matter,لم أضف «الأمر» إلى عنوان هذا الدرس؛ لأن الموضوع مغطى لاحقًا في درس مستقل بعنوان «الأمر والنهي»، فتجنبنا التكرار.,١٦. الفعل الماضي والمضارع والأمر,ملاحظة توثيقية؛ لم تُضف كتغيير جديد,هذا تعليق توثيقي سابق يذكر: «لم أضف «الأمر» إلى عنوان هذا الدرس؛ لأن الموضوع مغطى لاحقًا في درس مستقل بعنوان «الأمر والنهي»، فتجنبنا التكرار.». لا يُعدّ بحد ذاته تغييرًا جديدًا في هذه الجولة؛ راجع حالة النص في المنهج قبل اعتماد الرد.,
7,Sherif Gomaa,Front matter,الفعل المتعدي إلى مفعول، والمتعدي إلى مفعولين,١٩. الفعل المتعدي إلى مفعول والمتعدي إلى مفعولين,طُبّق,عُدّل عنوان الدرس ١٩ إلى «الفعل المتعدي إلى مفعول والمتعدي إلى مفعولين»، وهو يبيّن النوعين المذكورين في تعليقك.,
8,Ahmed Ebaid,Front matter,تم تعديل عنوان الدرس ليشمل الفعل المتعدي إلى مفعول واحد وإلى مفعولين، بما يوافق أهداف الدرس وأمثلته.,١٩. الفعل المتعدي إلى مفعول والمتعدي إلى مفعولين,ملاحظة توثيقية؛ لم تُضف كتغيير جديد,هذا تعليق توثيقي سابق يذكر: «تم تعديل عنوان الدرس ليشمل الفعل المتعدي إلى مفعول واحد وإلى مفعولين، بما يوافق أهداف الدرس وأمثلته.». لا يُعدّ بحد ذاته تغييرًا جديدًا في هذه الجولة؛ راجع حالة النص في المنهج قبل اعتماد الرد.,
9,Sherif Gomaa,Front matter,لماذا لم نذكر أوزان الفعل المجرد,٢٣. أوزان الفعل المزيد,طُبّق,أُضيفت الأوزان الستة الشائعة للفعل الثلاثي المجرّد مع أمثلة وتمرينين، ووُسّع عنوان الدرس ٢٣ ليشمل المجرد والمزيد.,
10,Ahmed Ebaid,Front matter,لم أضف أوزان الفعل المجرد الآن؛ فإدراجها يوسّع نطاق هذا الجزء ويحتاج مراجعة ترتيب الأوزان بعد اكتمال التعليقات.,٢٣. أوزان الفعل المزيد,طُبّق,أُضيفت الأوزان الستة للفعل الثلاثي المجرّد ضمن الدرس ٢٣ مع أمثلة وتمرينين، وزيد الزمن التقديري للدرس.,
11,Sherif Gomaa,Front matter,الوظائف,أن تتبّع الوظائف الإعرابية حين تحتوي الجملة على نعوت أو حروف عطف أو أدوات ناصبة أو جازمة.,طُبّق,صيغ الهدف باستخدام «الوظائف الإعرابية» بدل «الأدوار»، مع ذكر النعوت وحروف العطف والأدوات الناصبة أو الجازمة.,
12,Ahmed Ebaid,Front matter,استُبدلت «الأدوار» بـ«الوظائف» لتكون العبارة أوضح.,أن تتبّع الوظائف الإعرابية حين تحتوي الجملة على نعوت أو حروف عطف أو أدوات ناصبة أو جازمة.,ملاحظة توثيقية؛ لم تُضف كتغيير جديد,هذا تعليق توثيقي سابق يذكر: «استُبدلت «الأدوار» بـ«الوظائف» لتكون العبارة أوضح.». لا يُعدّ بحد ذاته تغييرًا جديدًا في هذه الجولة؛ راجع حالة النص في المنهج قبل اعتماد الرد.,
13,Copilot,Front matter,تم توضيح عناصر العبارة بالفصل بين النعوت وحروف العطف والأدوات الناصبة أو الجازمة.,أن تتبّع الوظائف الإعرابية حين تحتوي الجملة على نعوت أو حروف عطف أو أدوات ناصبة أو جازمة.,ملاحظة توثيقية؛ لم تُضف كتغيير جديد,هذا تعليق توثيقي سابق يذكر: «تم توضيح عناصر العبارة بالفصل بين النعوت وحروف العطف والأدوات الناصبة أو الجازمة.». لا يُعدّ بحد ذاته تغييرًا جديدًا في هذه الجولة؛ راجع حالة النص في المنهج قبل اعتماد الرد.,
14,Sherif Gomaa,Front matter,أو حروف عطف أو أدوات ناصبة أو جازمة,أن تتبّع الوظائف الإعرابية حين تحتوي الجملة على نعوت أو حروف عطف أو أدوات ناصبة أو جازمة.,طُبّق,أُبقيت أمثلة النعوت، وحروف العطف، والأدوات الناصبة أو الجازمة في صياغة الهدف لتوضيح العناصر المقصودة.,
15,Sherif Gomaa,Front matter,العدد والمعدود,٣٢. العدد والمعدود,طُبّق,عنوان الدرس ٣٢ هو «العدد والمعدود».,
16,Copilot,Front matter,تم تعديل العنوان إلى «العدد والمعدود».,٣٢. العدد والمعدود,ملاحظة توثيقية؛ لم تُضف كتغيير جديد,هذا تعليق توثيقي سابق يذكر: «تم تعديل العنوان إلى «العدد والمعدود».». لا يُعدّ بحد ذاته تغييرًا جديدًا في هذه الجولة؛ راجع حالة النص في المنهج قبل اعتماد الرد.,
17,Sherif Gomaa,Front matter,أن تقرأ نثرا حديثا ميسرا غير مضبوط بالشكل، وتضبط نطقه بالحركات، وتعلل سبب اختيارك لهذه الحركات على آخره.,أن تقرأ نثرًا حديثًا ميسّرًا غير مضبوط بالشكل، وتضبط نطقه بالحركات، وتعلّل سبب اختيارك لهذه الحركات على أواخر الكلمات.,لم يُجرَ تعديل جديد؛ النص موجود حاليًا,لم أجرِ تعديلًا جديدًا لهذا الموضع في هذه الجولة. النص الحالي: «أن تقرأ نثرًا حديثًا ميسّرًا غير مضبوط بالشكل، وتضبط نطقه بالحركات، وتعلّل سبب اختيارك لهذه الحركات على أواخر الكلمات.».,
18,Copilot,Front matter,تم اعتماد الصياغة المقترحة، مع ذكر ضبط النثر بالحركات وتعليل اختيارها.,أن تقرأ نثرًا حديثًا ميسّرًا غير مضبوط بالشكل، وتضبط نطقه بالحركات، وتعلّل سبب اختيارك لهذه الحركات على أواخر الكلمات.,ملاحظة توثيقية؛ لم تُضف كتغيير جديد,هذا تعليق توثيقي سابق يذكر: «تم اعتماد الصياغة المقترحة، مع ذكر ضبط النثر بالحركات وتعليل اختيارها.». لا يُعدّ بحد ذاته تغييرًا جديدًا في هذه الجولة؛ راجع حالة النص في المنهج قبل اعتماد الرد.,
19,Sherif Gomaa,Front matter,نحذف كلمة الحديثة,٣٤. أنماط الجملة الخبرية,طُبّق على العنوان,حُذفت «الحديثة» من عنوان الدرس ٣٤؛ أصبح «أنماط الجملة الخبرية». بقي وصف الأخبار الحديثة في الهدف التعليمي، لا في العنوان.,
20,Copilot,Front matter,حُذفت كلمة «الحديثة» من عنوان الدرس.,٣٤. أنماط الجملة الخبرية,ملاحظة توثيقية؛ لم تُضف كتغيير جديد,هذا تعليق توثيقي سابق يذكر: «حُذفت كلمة «الحديثة» من عنوان الدرس.». لا يُعدّ بحد ذاته تغييرًا جديدًا في هذه الجولة؛ راجع حالة النص في المنهج قبل اعتماد الرد.,
21,Copilot,Front matter,تم توضيح الاسم كاملًا: «اسم المفعول».,٣٧. المصدر واسم الفاعل واسم المفعول,ملاحظة توثيقية؛ لم تُضف كتغيير جديد,هذا تعليق توثيقي سابق يذكر: «تم توضيح الاسم كاملًا: «اسم المفعول».». لا يُعدّ بحد ذاته تغييرًا جديدًا في هذه الجولة؛ راجع حالة النص في المنهج قبل اعتماد الرد.,
22,Sherif Gomaa,Front matter,واسم المفعول,٣٧. المصدر واسم الفاعل واسم المفعول,طُبّق,عنوان الدرس ٣٧ يذكر «المصدر واسم الفاعل واسم المفعول».,
23,Copilot,Front matter,تم تقديم الوصل على الوقف كما اقترحت.,٤٩. الوصل والوقف,ملاحظة توثيقية؛ لم تُضف كتغيير جديد,هذا تعليق توثيقي سابق يذكر: «تم تقديم الوصل على الوقف كما اقترحت.». لا يُعدّ بحد ذاته تغييرًا جديدًا في هذه الجولة؛ راجع حالة النص في المنهج قبل اعتماد الرد.,
24,Sherif Gomaa,Front matter,الوصل والوقف,٤٩. الوصل والوقف,طُبّق,العنوان المعتمد هو «الوصل والوقف».,
25,Sherif Gomaa,Front matter,أن تتعرف على موضوعات مختارة بعناية من ألفية ابن مالك، مع قراءة عدد من أبياتها، والاطلاع على بعض شروحها المشهورة.,أن تتعرف على موضوعات مختارة بعناية من ألفية ابن مالك، مع قراءة عدد من أبياتها، والاطلاع على بعض شروحها المشهورة.,لم يُجرَ تعديل جديد؛ النص موجود حاليًا,لم أجرِ تعديلًا جديدًا لهذا الموضع في هذه الجولة. النص الحالي: «أن تتعرف على موضوعات مختارة بعناية من ألفية ابن مالك، مع قراءة عدد من أبياتها، والاطلاع على بعض شروحها المشهورة.».,
26,Copilot,Front matter,تم تعديل الهدف إلى الصياغة المقترحة عن موضوعات مختارة من ألفية ابن مالك وقراءة أبياتها وبعض شروحها.,أن تتعرف على موضوعات مختارة بعناية من ألفية ابن مالك، مع قراءة عدد من أبياتها، والاطلاع على بعض شروحها المشهورة.,ملاحظة توثيقية؛ لم تُضف كتغيير جديد,هذا تعليق توثيقي سابق يذكر: «تم تعديل الهدف إلى الصياغة المقترحة عن موضوعات مختارة من ألفية ابن مالك وقراءة أبياتها وبعض شروحها.». لا يُعدّ بحد ذاته تغييرًا جديدًا في هذه الجولة؛ راجع حالة النص في المنهج قبل اعتماد الرد.,
27,Sherif Gomaa,Front matter,قراءة أبيات من ألفية ابن مالك (غير مضبوطة بالشكل),٥٨. قراءة أبيات من ألفية ابن مالك (غير مضبوطة بالشكل),طُبّق,عُدّل عنوان الدرس ٥٨ إلى «قراءة أبيات من ألفية ابن مالك (غير مضبوطة بالشكل)».,
28,Copilot,Front matter,تم تعديل العنوان إلى «قراءة أبيات من ألفية ابن مالك (غير مضبوطة بالشكل)».,٥٨. قراءة أبيات من ألفية ابن مالك (غير مضبوطة بالشكل),ملاحظة توثيقية؛ لم تُضف كتغيير جديد,هذا تعليق توثيقي سابق يذكر: «تم تعديل العنوان إلى «قراءة أبيات من ألفية ابن مالك (غير مضبوطة بالشكل)».». لا يُعدّ بحد ذاته تغييرًا جديدًا في هذه الجولة؛ راجع حالة النص في المنهج قبل اعتماد الرد.,
29,Copilot,الدرس ١: لماذا تتغيَّر أواخر الكلمات؟,تم تعديل عنوان التمهيد إلى «قد يختلف آخر الكلمة لاختلاف وظيفتها في الجملة».,قد يختلف آخر الكلمة لاختلاف وظيفتها في الجملة (تمهيد),ملاحظة توثيقية؛ لم تُضف كتغيير جديد,هذا تعليق توثيقي سابق يذكر: «تم تعديل عنوان التمهيد إلى «قد يختلف آخر الكلمة لاختلاف وظيفتها في الجملة».». لا يُعدّ بحد ذاته تغييرًا جديدًا في هذه الجولة؛ راجع حالة النص في المنهج قبل اعتماد الرد.,
30,Sherif Gomaa,الدرس ١: لماذا تتغيَّر أواخر الكلمات؟,قد يختلف آخر الكلمة لاختلاف وظيفتها في الجملة,قد يختلف آخر الكلمة لاختلاف وظيفتها في الجملة (تمهيد),طُبّق,عنوان التمهيد هو «قد يختلف آخر الكلمة لاختلاف وظيفتها في الجملة».,
31,Sherif Gomaa,الدرس ١: لماذا تتغيَّر أواخر الكلمات؟,أمبتدأ,قد تتغير أواخر الكلمات تبعًا لوظيفتها الإعرابية واختلاف معنى الكلام. ففي كثير من الجمل تساعدنا الحركة الأخيرة على معرفة وظيفة الاسم: أمبتدأ هو، أم فاعل، أم مفعول به، أم اسم مجرور؟ ونستعين بالقواعد النحوية والصرفية والسياق لاختيار القراءة الصحيحة. وتُستخدم الحركات لتمييز الأفعال أيضًا: فالفعل المضارع الدال على الحال قد يُجزم بعد أدوات معيّنة، أما الجر فيلحق الأسماء وحدها. وسنتعلَّم هذه الأنماط بالتدرُّج.,لم يُجرَ تعديل جديد؛ النص موجود حاليًا,لم أجرِ تعديلًا جديدًا لهذا الموضع في هذه الجولة. النص الحالي: «قد تتغير أواخر الكلمات تبعًا لوظيفتها الإعرابية واختلاف معنى الكلام. ففي كثير من الجمل تساعدنا الحركة الأخيرة على معرفة وظيفة الاسم: أمبتدأ هو، أم فاعل، أم مفعول به، أم اسم مجرور؟ ونستعين بالقواعد النحوية والصرفية والسياق لاختيار القراءة الصحيحة. وتُستخدم الحركات لتمييز الأفعال أيضًا: فالفعل المضارع الدال على الحال قد يُجزم بعد أدوات معيّنة، أما الجر فيلحق الأسماء وحدها. وسنتعلَّم هذه الأنماط بالتدرُّج.».,
32,Copilot,الدرس ١: لماذا تتغيَّر أواخر الكلمات؟,تم تعديل العبارة لتقرأ «أمبتدأ هو، أم فاعل، أم مفعول به، أم اسم مجرور؟».,قد تتغير أواخر الكلمات تبعًا لوظيفتها الإعرابية واختلاف معنى الكلام. ففي كثير من الجمل تساعدنا الحركة الأخيرة على معرفة وظيفة الاسم: أمبتدأ هو، أم فاعل، أم مفعول به، أم اسم مجرور؟ ونستعين بالقواعد النحوية والصرفية والسياق لاختيار القراءة الصحيحة. وتُستخدم الحركات لتمييز الأفعال أيضًا: فالفعل المضارع الدال على الحال قد يُجزم بعد أدوات معيّنة، أما الجر فيلحق الأسماء وحدها. وسنتعلَّم هذه الأنماط بالتدرُّج.,ملاحظة توثيقية؛ لم تُضف كتغيير جديد,هذا تعليق توثيقي سابق يذكر: «تم تعديل العبارة لتقرأ «أمبتدأ هو، أم فاعل، أم مفعول به، أم اسم مجرور؟».». لا يُعدّ بحد ذاته تغييرًا جديدًا في هذه الجولة؛ راجع حالة النص في المنهج قبل اعتماد الرد.,
33,Sherif Gomaa,الدرس ١: لماذا تتغيَّر أواخر الكلمات؟,الدال على الحال,قد تتغير أواخر الكلمات تبعًا لوظيفتها الإعرابية واختلاف معنى الكلام. ففي كثير من الجمل تساعدنا الحركة الأخيرة على معرفة وظيفة الاسم: أمبتدأ هو، أم فاعل، أم مفعول به، أم اسم مجرور؟ ونستعين بالقواعد النحوية والصرفية والسياق لاختيار القراءة الصحيحة. وتُستخدم الحركات لتمييز الأفعال أيضًا: فالفعل المضارع الدال على الحال قد يُجزم بعد أدوات معيّنة، أما الجر فيلحق الأسماء وحدها. وسنتعلَّم هذه الأنماط بالتدرُّج.,لم يُجرَ تعديل جديد؛ النص موجود حاليًا,لم أجرِ تعديلًا جديدًا لهذا الموضع في هذه الجولة. النص الحالي: «قد تتغير أواخر الكلمات تبعًا لوظيفتها الإعرابية واختلاف معنى الكلام. ففي كثير من الجمل تساعدنا الحركة الأخيرة على معرفة وظيفة الاسم: أمبتدأ هو، أم فاعل، أم مفعول به، أم اسم مجرور؟ ونستعين بالقواعد النحوية والصرفية والسياق لاختيار القراءة الصحيحة. وتُستخدم الحركات لتمييز الأفعال أيضًا: فالفعل المضارع الدال على الحال قد يُجزم بعد أدوات معيّنة، أما الجر فيلحق الأسماء وحدها. وسنتعلَّم هذه الأنماط بالتدرُّج.».,
34,Copilot,الدرس ١: لماذا تتغيَّر أواخر الكلمات؟,تم اختصار وصف الفعل المضارع إلى «الدال على الحال».,قد تتغير أواخر الكلمات تبعًا لوظيفتها الإعرابية واختلاف معنى الكلام. ففي كثير من الجمل تساعدنا الحركة الأخيرة على معرفة وظيفة الاسم: أمبتدأ هو، أم فاعل، أم مفعول به، أم اسم مجرور؟ ونستعين بالقواعد النحوية والصرفية والسياق لاختيار القراءة الصحيحة. وتُستخدم الحركات لتمييز الأفعال أيضًا: فالفعل المضارع الدال على الحال قد يُجزم بعد أدوات معيّنة، أما الجر فيلحق الأسماء وحدها. وسنتعلَّم هذه الأنماط بالتدرُّج.,ملاحظة توثيقية؛ لم تُضف كتغيير جديد,هذا تعليق توثيقي سابق يذكر: «تم اختصار وصف الفعل المضارع إلى «الدال على الحال».». لا يُعدّ بحد ذاته تغييرًا جديدًا في هذه الجولة؛ راجع حالة النص في المنهج قبل اعتماد الرد.,
35,Sherif Gomaa,الدرس ١: لماذا تتغيَّر أواخر الكلمات؟,نحذف كلمة أول,مثال (مثال محلول),طُبّق,حُذفت كلمة «أول»؛ وعنوان المقطع في المنهج الحالي «مثال».,
36,Copilot,الدرس ١: لماذا تتغيَّر أواخر الكلمات؟,حُذفت كلمة «أول» من عنوان المثال.,مثال (مثال محلول),ملاحظة توثيقية؛ لم تُضف كتغيير جديد,هذا تعليق توثيقي سابق يذكر: «حُذفت كلمة «أول» من عنوان المثال.». لا يُعدّ بحد ذاته تغييرًا جديدًا في هذه الجولة؛ راجع حالة النص في المنهج قبل اعتماد الرد.,
37,Sherif Gomaa,الدرس ١: لماذا تتغيَّر أواخر الكلمات؟,الرفع,الرفع,لم يُجرَ تعديل جديد؛ النص موجود حاليًا,لم أجرِ تعديلًا جديدًا لهذا الموضع في هذه الجولة. النص الحالي: «الرفع».,
38,Copilot,الدرس ١: لماذا تتغيَّر أواخر الكلمات؟,تم تغيير التسمية إلى «الرفع».,الرفع,ملاحظة توثيقية؛ لم تُضف كتغيير جديد,هذا تعليق توثيقي سابق يذكر: «تم تغيير التسمية إلى «الرفع».». لا يُعدّ بحد ذاته تغييرًا جديدًا في هذه الجولة؛ راجع حالة النص في المنهج قبل اعتماد الرد.,
39,Copilot,الدرس ١: لماذا تتغيَّر أواخر الكلمات؟,تم تغيير التسمية إلى «الرفع».,الرفع,ملاحظة توثيقية؛ لم تُضف كتغيير جديد,هذا تعليق توثيقي سابق يذكر: «تم تغيير التسمية إلى «الرفع».». لا يُعدّ بحد ذاته تغييرًا جديدًا في هذه الجولة؛ راجع حالة النص في المنهج قبل اعتماد الرد.,
40,Sherif Gomaa,الدرس ١: لماذا تتغيَّر أواخر الكلمات؟,الرفع,الرفع,لم يُجرَ تعديل جديد؛ النص موجود حاليًا,لم أجرِ تعديلًا جديدًا لهذا الموضع في هذه الجولة. النص الحالي: «الرفع».,
41,Sherif Gomaa,الدرس ١: لماذا تتغيَّر أواخر الكلمات؟,ما العلامة الإعرابية لكلمة ( الطالب),ما العلامة الإعرابية لكلمة «الطالب» في جملة «الطَّالِبُ مُجْتَهِدٌ»؟,لم يُجرَ تعديل جديد؛ النص موجود حاليًا,لم أجرِ تعديلًا جديدًا لهذا الموضع في هذه الجولة. النص الحالي: «ما العلامة الإعرابية لكلمة «الطالب» في جملة «الطَّالِبُ مُجْتَهِدٌ»؟».,
42,Copilot,الدرس ١: لماذا تتغيَّر أواخر الكلمات؟,تم تعديل السؤال إلى «ما العلامة الإعرابية لكلمة الطالب؟» مع إبقاء الجملة مثالًا يوضح السياق.,ما العلامة الإعرابية لكلمة «الطالب» في جملة «الطَّالِبُ مُجْتَهِدٌ»؟,ملاحظة توثيقية؛ لم تُضف كتغيير جديد,هذا تعليق توثيقي سابق يذكر: «تم تعديل السؤال إلى «ما العلامة الإعرابية لكلمة الطالب؟» مع إبقاء الجملة مثالًا يوضح السياق.». لا يُعدّ بحد ذاته تغييرًا جديدًا في هذه الجولة؛ راجع حالة النص في المنهج قبل اعتماد الرد.,
43,Sherif Gomaa,الدرس ١: لماذا تتغيَّر أواخر الكلمات؟,ليست الفتحة؛ لأن الفتحة.....,ليست الفتحة؛ لأن الفتحة كثيرًا ما تكون علامة للنصب، لكن «الطالب» مبتدأ مرفوع في هذه الجملة.,لم يُجرَ تعديل جديد؛ النص موجود حاليًا,لم أجرِ تعديلًا جديدًا لهذا الموضع في هذه الجولة. النص الحالي: «ليست الفتحة؛ لأن الفتحة كثيرًا ما تكون علامة للنصب، لكن «الطالب» مبتدأ مرفوع في هذه الجملة.».,
44,Copilot,الدرس ١: لماذا تتغيَّر أواخر الكلمات؟,تم تعديل التغذية الراجعة لتحدد أن الاختيار ليس الفتحة ثم تذكر السبب النحوي.,ليست الفتحة؛ لأن الفتحة كثيرًا ما تكون علامة للنصب، لكن «الطالب» مبتدأ مرفوع في هذه الجملة.,ملاحظة توثيقية؛ لم تُضف كتغيير جديد,هذا تعليق توثيقي سابق يذكر: «تم تعديل التغذية الراجعة لتحدد أن الاختيار ليس الفتحة ثم تذكر السبب النحوي.». لا يُعدّ بحد ذاته تغييرًا جديدًا في هذه الجولة؛ راجع حالة النص في المنهج قبل اعتماد الرد.,
45,Copilot,الدرس ١: لماذا تتغيَّر أواخر الكلمات؟,تم تعديل التغذية الراجعة لتحدد أن الاختيار ليس الكسرة ثم تذكر السبب النحوي.,ليست الكسرة؛ لأن الكسرة كثيرًا ما تكون علامة للجر، ولا يسبق «الطالب» حرف جر ولا يقع مضافًا إليه.,ملاحظة توثيقية؛ لم تُضف كتغيير جديد,هذا تعليق توثيقي سابق يذكر: «تم تعديل التغذية الراجعة لتحدد أن الاختيار ليس الكسرة ثم تذكر السبب النحوي.». لا يُعدّ بحد ذاته تغييرًا جديدًا في هذه الجولة؛ راجع حالة النص في المنهج قبل اعتماد الرد.,
46,Sherif Gomaa,الدرس ١: لماذا تتغيَّر أواخر الكلمات؟,ليست الكسرة؛ لأن الكسرة.....,ليست الكسرة؛ لأن الكسرة كثيرًا ما تكون علامة للجر، ولا يسبق «الطالب» حرف جر ولا يقع مضافًا إليه.,لم يُجرَ تعديل جديد؛ النص موجود حاليًا,لم أجرِ تعديلًا جديدًا لهذا الموضع في هذه الجولة. النص الحالي: «ليست الكسرة؛ لأن الكسرة كثيرًا ما تكون علامة للجر، ولا يسبق «الطالب» حرف جر ولا يقع مضافًا إليه.».,
47,Sherif Gomaa,الدرس ١: لماذا تتغيَّر أواخر الكلمات؟,ليس النصب,ليس النصب؛ لأن «الطالب» مبتدأ مرفوع وليس مفعولًا به.,لم يُجرَ تعديل جديد؛ النص موجود حاليًا,لم أجرِ تعديلًا جديدًا لهذا الموضع في هذه الجولة. النص الحالي: «ليس النصب؛ لأن «الطالب» مبتدأ مرفوع وليس مفعولًا به.».,
48,Copilot,الدرس ١: لماذا تتغيَّر أواخر الكلمات؟,تم تعديل التغذية الراجعة لتحدد أن الحالة ليست النصب، وتوضح أن «الطالب» مبتدأ مرفوع.,ليس النصب؛ لأن «الطالب» مبتدأ مرفوع وليس مفعولًا به.,ملاحظة توثيقية؛ لم تُضف كتغيير جديد,هذا تعليق توثيقي سابق يذكر: «تم تعديل التغذية الراجعة لتحدد أن الحالة ليست النصب، وتوضح أن «الطالب» مبتدأ مرفوع.». لا يُعدّ بحد ذاته تغييرًا جديدًا في هذه الجولة؛ راجع حالة النص في المنهج قبل اعتماد الرد.,
49,Sherif Gomaa,الدرس ١: لماذا تتغيَّر أواخر الكلمات؟,ليس الجر؛ لأنه لم يسبق,ليس الجر؛ لأنه لم يسبق «الطالب» حرف جر، ولا يقع مضافًا إليه.,لم يُجرَ تعديل جديد؛ النص موجود حاليًا,لم أجرِ تعديلًا جديدًا لهذا الموضع في هذه الجولة. النص الحالي: «ليس الجر؛ لأنه لم يسبق «الطالب» حرف جر، ولا يقع مضافًا إليه.».,
50,Copilot,الدرس ١: لماذا تتغيَّر أواخر الكلمات؟,تم تعديل التغذية الراجعة لتحدد أن الحالة ليست الجر، وتذكر عدم سبق حرف جر وعدم وقوع الكلمة مضافًا إليه.,ليس الجر؛ لأنه لم يسبق «الطالب» حرف جر، ولا يقع مضافًا إليه.,ملاحظة توثيقية؛ لم تُضف كتغيير جديد,هذا تعليق توثيقي سابق يذكر: «تم تعديل التغذية الراجعة لتحدد أن الحالة ليست الجر، وتذكر عدم سبق حرف جر وعدم وقوع الكلمة مضافًا إليه.». لا يُعدّ بحد ذاته تغييرًا جديدًا في هذه الجولة؛ راجع حالة النص في المنهج قبل اعتماد الرد.,
51,Sherif Gomaa,الدرس ١: لماذا تتغيَّر أواخر الكلمات؟,ما الحركة المناسبة على آخر كلمة( البيت)؟,جملة جديدة: «البيت واسع». ما الحركة المناسبة لآخر كلمة «البيت»؟,طُبّق,عُدّل السؤال ليطابق المقصود في التعليق: «جملة جديدة: «البيت واسع». ما الحركة المناسبة لآخر كلمة «البيت»؟».,
52,Sherif Gomaa,الدرس ١: لماذا تتغيَّر أواخر الكلمات؟,في مثل هذه الحالات الأفضل أن نقول: كلمة البيت لم تقع موقع النصب، ويقال هذا في حالة الجر أيضا: لم يقع موقع المجرور.لكن لو أردنا أن نتجوز في التعبير فتبقى على حالها.,لم تقع كلمة «البيت» في موقع النصب؛ فهي مبتدأ مرفوع.,طُبّق,عُدّلت التغذية الراجعة لتقول إن «البيت» لم يقع في موقع النصب؛ فهي مبتدأ مرفوع. وفي خيار الجر نُصّ على أنه لم يقع في موقع الجر، مع توضيح أسباب الجر.,
53,Sherif Gomaa,الدرس ١: لماذا تتغيَّر أواخر الكلمات؟,في جملة البيت واسع,ما الحالة الإعرابية لكلمة «البيتُ» في «البيتُ واسعٌ»؟,لم يُجرَ تعديل جديد؛ النص موجود حاليًا,لم أجرِ تعديلًا جديدًا لهذا الموضع في هذه الجولة. النص الحالي: «ما الحالة الإعرابية لكلمة «البيتُ» في «البيتُ واسعٌ»؟».,
54,Sherif Gomaa,الدرس ١: لماذا تتغيَّر أواخر الكلمات؟,لا يوجد سبب لجر البيت.,لا يوجد ما يجر «البيت».,طُبّق,عُدّل النص المرتبط بهذا التعليق. قبل: «لا يوجد ما يجر «البيت».»؛ بعد: «لم تقع كلمة «البيت» في موقع الجر؛ فلا يسبقها حرف جر ولا تقع مضافًا إليه أو تابعةً لمجرور.».,
55,Sherif Gomaa,الدرس ١: لماذا تتغيَّر أواخر الكلمات؟,في جملة البيت واسع,ما وظيفة «واسعٌ» في «البيتُ واسعٌ»؟,لم يُجرَ تعديل جديد؛ النص موجود حاليًا,لم أجرِ تعديلًا جديدًا لهذا الموضع في هذه الجولة. النص الحالي: «ما وظيفة «واسعٌ» في «البيتُ واسعٌ»؟».,
56,Sherif Gomaa,الدرس ١: لماذا تتغيَّر أواخر الكلمات؟,لم تسبق بفعل، ولم تقع موقع المفعول.,لا يوجد فعل يقع على مفعول به.,لم يُجرَ تعديل جديد؛ النص موجود حاليًا,لم أجرِ تعديلًا جديدًا لهذا الموضع في هذه الجولة. النص الحالي: «لا يوجد فعل يقع على مفعول به.».,
57,Sherif Gomaa,الدرس ١: لماذا تتغيَّر أواخر الكلمات؟,الكلمة اسم وليس حرفا,«واسع» اسم يخبر عن المبتدأ، وليس حرفًا.,طُبّق,عُدّلت التغذية الراجعة لتوضح أن «واسع» اسم يخبر عن المبتدأ، لا حرف.,
58,Sherif Gomaa,الدرس ١: لماذا تتغيَّر أواخر الكلمات؟,أو في حالة التبعية,صحيح. الجر يلحق الاسم بعد حرف الجر، أو إذا وقع مضافًا إليه أو تابعًا لمجرور، ولا يلحق الأفعال أبدًا.,طُبّق,أُضيفت التبعية لمجرور إلى أسباب الجر المذكورة، إلى جانب حرف الجر والإضافة.,
59,Sherif Gomaa,الدرس ١: لماذا تتغيَّر أواخر الكلمات؟,النصب مشترك بين الاسم والفعل ، ولايختص بأحدهما.,النصب يلحق الأسماء (كالمفعول به) ويلحق بعض الأفعال أيضًا، فليس خاصًّا بالاسم.,لم يُجرَ تعديل جديد؛ النص موجود حاليًا,لم أجرِ تعديلًا جديدًا لهذا الموضع في هذه الجولة. النص الحالي: «النصب يلحق الأسماء (كالمفعول به) ويلحق بعض الأفعال أيضًا، فليس خاصًّا بالاسم.».,
60,Sherif Gomaa,الدرس ١: لماذا تتغيَّر أواخر الكلمات؟,لم أفهم المقصود في هذه المربعات الثلاثة,عناوين حقول المرجع ومؤلفه وبيان المصدر في شاشة «حول التطبيق»,طُبّق,أُضيفت تسميات واضحة لحقول المرجع والمؤلف وبيان المصدر في شاشة «حول التطبيق».,
61,Sherif Gomaa,الدرس ٢: اسم أم فعل أم حرف؟,في جمل عربية,أن تميّز الاسم والفعل والحرف في جمل عربية.,طُبّق,عُدّل الهدف إلى: «أن تميّز الاسم والفعل والحرف في جمل عربية.»، وعُدّلت الترجمة الإنجليزية بما يوافقه.,
62,Sherif Gomaa,الدرس ٢: اسم أم فعل أم حرف؟,بنوع الكلمة لترجيح وظيفتها,أن تستعين بنوع الكلمة لترجّح وظيفتها وحركة آخرها.,طُبّق,عُدّل الهدف ليعبّر عن الاستعانة بنوع الكلمة لترجيح الوظيفة الإعرابية وحركة آخرها.,
63,Sherif Gomaa,الدرس ٢: اسم أم فعل أم حرف؟,مثل: في، ولم، وهل.,الاسم: ما دلَّ على معنى في نفسه ولم يقترن بزمن، مثل: محمد، ومكة، وشجرة. والفعل: ما دلَّ على معنى في نفسه واقترن بزمن، مثل: أكل، ويكتب، واجلس. والحرف: ما دلَّ على معنى في غيره، مثل: في، ولم، وهل. ومعرفة نوع الكلمة مدخل مهم لتحديد نوع الجملة وكيفية إعرابها.,طُبّق,أُضيفت أمثلة «في، ولم، وهل» إلى تعريف الحرف في التطبيق والترجمة الإنجليزية.,
64,Sherif Gomaa,الدرس ٢: اسم أم فعل أم حرف؟,بدل علامة نافعة(تنبيه),تنبيه,طُبّق,استُبدل عنوان «علامة نافعة» بـ«تنبيه» كما ورد في التعليق.,هل تفضّل أن يصبح العنوان «تنبيه» حرفيًا؟
65,Sherif Gomaa,الدرس ٢: اسم أم فعل أم حرف؟,(في) حرف جر، والاسم بعده مجرور.,حرف الجر مثل «في» حرف، والاسم بعده مجرور، مثل: «جلست في البيت». سيساعدك هذا النمط على اختيار الكسرة ولو لم تكن مكتوبة.,لم يُجرَ تعديل جديد؛ النص موجود حاليًا,لم أجرِ تعديلًا جديدًا لهذا الموضع في هذه الجولة. النص الحالي: «حرف الجر مثل «في» حرف، والاسم بعده مجرور، مثل: «جلست في البيت». سيساعدك هذا النمط على اختيار الكسرة ولو لم تكن مكتوبة.».,
66,Sherif Gomaa,الدرس ٢: اسم أم فعل أم حرف؟,عين الحرف فيما يلي,عيّن الحرف فيما يلي:,طُبّق,عُدّل السؤال إلى «عيّن الحرف فيما يلي» بدل «أي كلمة حرف؟».,
67,Sherif Gomaa,الدرس ٢: اسم أم فعل أم حرف؟,ما دل على معنى في نفسه,«بيت» يدل على معنى في نفسه ولا يقترن بزمن، فهو اسم.,طُبّق,عُدّلت التغذية الراجعة لتستخدم تعريف الاسم الوارد في الدرس: «ما دل على معنى في نفسه ولم يقترن بزمن».,
68,Sherif Gomaa,الدرس ٢: اسم أم فعل أم حرف؟,اختر العلامة المناسبة على آخر كلمة (البيت) في جملة: الطفل في البيت.,اختر حركة آخر «البيتـ» بعد «في».,طُبّق,صيغ السؤال مباشرة: «اختر حركة آخر «البيتـ» بعد «في».»,
69,Sherif Gomaa,الدرس ٢: اسم أم فعل أم حرف؟,لا محل لها هنا؛ لأن الاسم مسبوق بحرف الجر.,ليست هنا. «في» تجر الاسم بعدها.,لم يُجرَ تعديل جديد؛ النص موجود حاليًا,لم أجرِ تعديلًا جديدًا لهذا الموضع في هذه الجولة. النص الحالي: «ليست هنا. «في» تجر الاسم بعدها.».,
70,Sherif Gomaa,الدرس ٢: اسم أم فعل أم حرف؟,التعليق السابق,ليست هنا. انتبه إلى حرف الجر.,لم يُجرَ تعديل جديد؛ النص موجود حاليًا,لم أجرِ تعديلًا جديدًا لهذا الموضع في هذه الجولة. النص الحالي: «ليست هنا. انتبه إلى حرف الجر.».,
71,Sherif Gomaa,الدرس ٢: اسم أم فعل أم حرف؟,في جملة,ما نوع كلمة «لعب» في جملة «لعب الولد في الحديقة»؟,طُبّق,أُضيفت كلمة «جملة» إلى سياق السؤال كما طلب التعليق.,
72,Sherif Gomaa,الدرس ٢: اسم أم فعل أم حرف؟,على حدث( اللعب),صحيح. فهي تدل على حدث اللعب في الزمن الماضي.,لم يُجرَ تعديل جديد؛ النص موجود حاليًا,لم أجرِ تعديلًا جديدًا لهذا الموضع في هذه الجولة. النص الحالي: «صحيح. فهي تدل على حدث اللعب في الزمن الماضي.».,
73,Sherif Gomaa,الدرس ٢: اسم أم فعل أم حرف؟,تدل على حدث في نفسها، وليس في غيرها.,حاول مرة أخرى. فالفعل يدل على حدث وزمن في نفسه، ولا يربط المعاني فقط.,طُبّق,وُضّح في التغذية الراجعة أن الفعل يدل على حدث وزمن في نفسه، بخلاف الحرف الذي يربط المعاني.,
74,Sherif Gomaa,الدرس ٢: اسم أم فعل أم حرف؟,ليس محلها؛ لأن الاسم مجرور.,ليست هنا. «في» تجر الاسم بعدها.,لم يُجرَ تعديل جديد؛ النص موجود حاليًا,لم أجرِ تعديلًا جديدًا لهذا الموضع في هذه الجولة. النص الحالي: «ليست هنا. «في» تجر الاسم بعدها.».,
75,Sherif Gomaa,الدرس ٢: اسم أم فعل أم حرف؟,ليس محلها؛ لأن الاسم مجرور.,ليست هنا. انتبه إلى حرف الجر.,لم يُجرَ تعديل جديد؛ النص موجود حاليًا,لم أجرِ تعديلًا جديدًا لهذا الموضع في هذه الجولة. النص الحالي: «ليست هنا. انتبه إلى حرف الجر.».,
76,Sherif Gomaa,الدرس ٢: اسم أم فعل أم حرف؟,لم افهم المقصود,عناوين حقول المرجع ومؤلفه وبيان المصدر في شاشة «حول التطبيق»,طُبّق,أُضيفت تسميات واضحة لحقول المرجع والمؤلف وبيان المصدر في شاشة «حول التطبيق».,
77,Sherif Gomaa,الدرس ٣: الجملة الاسمية,يسمى المبتدأ,تبدأ الجملة الاسمية البسيطة باسم يُسمّى المبتدأ، ويأتي الخبر ليتمّم المعنى. والأصل أن يكونا مرفوعين.,طُبّق,عُدّل النص ليصرّح بأن الاسم الأول يُسمّى المبتدأ وأن الخبر يتمّم المعنى.,
78,Sherif Gomaa,الدرس ٣: الجملة الاسمية,ليتمم,تبدأ الجملة الاسمية البسيطة باسم يُسمّى المبتدأ، ويأتي الخبر ليتمّم المعنى. والأصل أن يكونا مرفوعين.,طُبّق,استُخدمت صيغة «ليتمّم المعنى» وفق اقتراح التعليق.,
79,Sherif Gomaa,الدرس ٣: الجملة الاسمية,اقرأ التركيب بطريقة صحيحة,اقرأ التركيب بطريقة صحيحة,طُبّق,عُدّل عنوان المثال إلى «اقرأ التركيب بطريقة صحيحة».,
80,Sherif Gomaa,الدرس ٣: الجملة الاسمية,جملة,في الجملة «العِلْمُ نُورٌ»، «العلم» هو المتحدَّث عنه، و«نور» يخبر عنه. يدل التركيب على الضمة في آخر الكلمتين؛ لأنهما مبتدأ وخبر. والآن انظر إلى الجملة نفسها بلا تشكيل: «العلم نور».,طُبّق,أُضيفت كلمة «الجملة» إلى السياق ووُضح أن التركيب يدل على ضمة آخر الكلمتين لكونهما مبتدأ وخبرًا.,
81,Sherif Gomaa,الدرس ٣: الجملة الاسمية,التركيب مضبوط بالضمة على آخر الكلمتين؛ لأنهما مبتدأ وخبر.,في الجملة «العِلْمُ نُورٌ»، «العلم» هو المتحدَّث عنه، و«نور» يخبر عنه. يدل التركيب على الضمة في آخر الكلمتين؛ لأنهما مبتدأ وخبر. والآن انظر إلى الجملة نفسها بلا تشكيل: «العلم نور».,طُبّق,عُدّل الشرح ليذكر أن التركيب يدل على ضمة آخر الكلمتين لأنهما مبتدأ وخبر.,
82,Sherif Gomaa,الدرس ٣: الجملة الاسمية,عين المبتدأ في جملة( العلم نور).   تحذف علامة الاستفهام.,ما المبتدأ في «العلم نور»؟,طُبّق,عُدّل النص المرتبط بهذا التعليق. قبل: «ما المبتدأ في «العلم نور»؟»؛ بعد: «عيّن المبتدأ في جملة «العلم نور».».,
83,Sherif Gomaa,الدرس ٣: الجملة الاسمية,جملة اسمية بدأت باسم، فيتعين كونه مبتدأ.,هذه جملة اسمية؛ فانظر إلى اسمها الأول.,طُبّق,عُدّل النص المرتبط بهذا التعليق. قبل: «هذه جملة اسمية؛ فانظر إلى اسمها الأول.»؛ بعد: ««المدرسة كبيرة» جملة من اسمين؛ «المدرسة» مبتدأ، و«كبيرة» تخبر عنها.».,
84,Sherif Gomaa,الدرس ٣: الجملة الاسمية,عين الخبر في جملة,ما الخبر في «البيت واسع»؟,طُبّق,عُدّل النص المرتبط بهذا التعليق. قبل: «ما الخبر في «البيت واسع»؟»؛ بعد: «عيّن الخبر في جملة «البيت واسع».».,
85,Sherif Gomaa,الدرس ٣: الجملة الاسمية,وهو المخبر عنه,«البيت» هو المبتدأ، وهو الاسم الذي يُخبر عنه.,طُبّق,عُدّلت التغذية الراجعة لتعرّف المبتدأ بأنه الاسم الذي يُخبر عنه.,
86,Sherif Gomaa,الدرس ٣: الجملة الاسمية,في هذا التركيب,لكل كلمة وظيفة مختلفة: مبتدأ ثم خبر.,لم يُجرَ تعديل جديد؛ النص موجود حاليًا,لم أجرِ تعديلًا جديدًا لهذا الموضع في هذه الجولة. النص الحالي: «لكل كلمة وظيفة مختلفة: مبتدأ ثم خبر.».,
87,Sherif Gomaa,الدرس ٣: الجملة الاسمية,المبتدأ والخبر مرفوعان,ليس في الأصل البسيط؛ فكلاهما مرفوع.,لم يُجرَ تعديل جديد؛ النص موجود حاليًا,لم أجرِ تعديلًا جديدًا لهذا الموضع في هذه الجولة. النص الحالي: «ليس في الأصل البسيط؛ فكلاهما مرفوع.».,
88,Sherif Gomaa,الدرس ٣: الجملة الاسمية,ما العلامة الإعرابية لكلمة(نور) في جملة: العلم نور؟,اقرأ بلا تشكيل: «العلم نور». ما العلامة الإعرابية لكلمة «نور»؟,طُبّق,عُدّل السؤال إلى صيغة «ما العلامة الإعرابية لكلمة نور؟» مع إبقاء الجملة مثالًا للسياق.,
89,Sherif Gomaa,الدرس ٣: الجملة الاسمية,لم يسبق كلمة (نور) حرف جر، ولم تقع موقع المضاف إليه.,لا يسبق «نور» حرف جر ولا يقع مضافًا إليه.,لم يُجرَ تعديل جديد؛ النص موجود حاليًا,لم أجرِ تعديلًا جديدًا لهذا الموضع في هذه الجولة. النص الحالي: «لا يسبق «نور» حرف جر ولا يقع مضافًا إليه.».,
90,Sherif Gomaa,الدرس ٣: الجملة الاسمية,عين المبتدأ في عبارة( المدرسة كبيرة)  تحذف علامة الاستفهام.,ما المبتدأ في «المدرسة كبيرة»؟,طُبّق,عُدّل النص المرتبط بهذا التعليق. قبل: «ما المبتدأ في «المدرسة كبيرة»؟»؛ بعد: «عيّن المبتدأ في عبارة «المدرسة كبيرة».».,
91,Sherif Gomaa,الدرس ٣: الجملة الاسمية,لا؛ لأن هذه جملة مكونة من اسمين أخبرت الكلمة الثانية منها عن الأولى.,هذه جملة اسمية؛ فانظر إلى اسمها الأول.,طُبّق,عُدّل النص المرتبط بهذا التعليق. قبل: «هذه جملة اسمية؛ فانظر إلى اسمها الأول.»؛ بعد: ««المدرسة كبيرة» جملة من اسمين؛ «المدرسة» مبتدأ، و«كبيرة» تخبر عنها.».,
92,Sherif Gomaa,الدرس ٣: الجملة الاسمية,عبارة الجو بارد,عيّن الخبر في عبارة «الجو بارد».,طُبّق,عُدّل النص إلى «عيّن الخبر في عبارة «الجو بارد».» وفق التعليق.,
93,Sherif Gomaa,الدرس ٣: الجملة الاسمية,لأن كلمة(بارد) أُخبر بها عن (الجو),صحيح. «بارد» يخبر عن «الجو».,لم يُجرَ تعديل جديد؛ النص موجود حاليًا,لم أجرِ تعديلًا جديدًا لهذا الموضع في هذه الجولة. النص الحالي: «صحيح. «بارد» يخبر عن «الجو».».,
94,Sherif Gomaa,الدرس ٣: الجملة الاسمية,لا؛ لأن الجو مبتدأ,«الجو» هو المبتدأ في أول الجملة.,لم يُجرَ تعديل جديد؛ النص موجود حاليًا,لم أجرِ تعديلًا جديدًا لهذا الموضع في هذه الجولة. النص الحالي: ««الجو» هو المبتدأ في أول الجملة.».,
95,Sherif Gomaa,الدرس ٣: الجملة الاسمية,لا؛ لأنهما لم يقعا جملة يخبر بها عن مبتدأ.,لكل كلمة وظيفة مختلفة: مبتدأ ثم خبر.,لم يُجرَ تعديل جديد؛ النص موجود حاليًا,لم أجرِ تعديلًا جديدًا لهذا الموضع في هذه الجولة. النص الحالي: «لكل كلمة وظيفة مختلفة: مبتدأ ثم خبر.».,
96,Sherif Gomaa,الدرس ٣: الجملة الاسمية,ما الحالة التي يشترك فيها المبتدأ والخبر؟   تحذف عبارة المدرسة كبيرة,في «المدرسة كبيرة»، ما الحالة التي يشترك فيها المبتدأ والخبر؟,طُبّق,عُدّل النص المرتبط بهذا التعليق. قبل: «في «المدرسة كبيرة»، ما الحالة التي يشترك فيها المبتدأ والخبر؟»؛ بعد: «ما الحالة التي يشترك فيها المبتدأ والخبر؟».,
97,Sherif Gomaa,الدرس ٣: الجملة الاسمية,اقرأ العبارة التالية مع ضبطها بالشكل، مبينا العلامة الإعرابية لكلمة(بارد).,اقرأ بلا تشكيل: «الجو بارد». ما حركة آخر «بارد»؟,طُبّق,عُدّل النص المرتبط بهذا التعليق. قبل: «اقرأ بلا تشكيل: «الجو بارد». ما حركة آخر «بارد»؟»؛ بعد: «اقرأ العبارة الآتية مع ضبطها بالشكل، وبيّن العلامة الإعرابية لكلمة «بارد».».,
98,Sherif Gomaa,الدرس ٣: الجملة الاسمية,لا؛ لأن الخبر لاينصب.,الخبر مرفوع هنا، وليس منصوبًا؛ فـ«بارد» خبر وليس مفعولًا به.,طُبّق,عُدّلت التغذية الراجعة لتصرّح بأن الخبر مرفوع وليس منصوبًا.,
99,Sherif Gomaa,الدرس ٣: الجملة الاسمية,لا؛ لأن الكلمة لم موقع مجرورة بحرف ولا بإضافة، ولا بتبعية,لا يسبق «بارد» حرف جر، ولا يقع مضافًا إليه أو تابعًا لمجرور.,طُبّق,أُضيف احتمال التبعية لمجرور إلى تعليل عدم الجر، إلى جانب حرف الجر والإضافة.,
100,Sherif Gomaa,الدرس ٤: الفعل والفاعل,دقائق,المستوى: المستوى الأول: أساس القراءة | الزمن التقديري: ٩ دقيقة | المتطلبات السابقة: الجملة الاسمية,طُبّق في التطبيق والتصدير,عُدّل عرض مدة الدرس لا نص المنهج: أصبحت صيغة وحدة الدقائق تختار المفرد أو الجمع المناسب للعدد، مع الأرقام العربية.,
101,Sherif Gomaa,الدرس ٤: الفعل والفاعل,أسند إليه,حدث ومن قام به (تمهيد),طُبّق,عُدّل تعريف الفاعل ليقول: «الفاعل هو الاسم الذي يُسنَد إليه الفعل، وقد يكون من قام به».,
102,Sherif Gomaa,الدرس ٤: الفعل والفاعل,أو أستد إليه، مثل: مات الرجل.,تبدأ الجملة الفعلية غالبًا بفعل. اسأل: من الذي قام بهذا الفعل ؟ الاسم الذي قام به هو الفاعل، والفاعل مرفوع في الأصل.,طُبّق,عُدّل الشرح ليعرّف الفاعل بأنه الاسم الذي يُسنَد إليه الفعل، مع مثال «مات الرجل» الذي لا يكون فيه الفاعل فاعلًا بإرادة أو قصد.,
103,Sherif Gomaa,الدرس ٤: الفعل والفاعل,أو أستد إليه,تبدأ الجملة الفعلية غالبًا بفعل. اسأل: من الذي قام بهذا الفعل ؟ الاسم الذي قام به هو الفاعل، والفاعل مرفوع في الأصل.,طُبّق,أُضيف معنى الإسناد إلى تعريف الفاعل: «الاسم الذي يُسنَد إليه الفعل»، بدل حصره فيمن قام بالفعل.,
104,Sherif Gomaa,الدرس ٤: الفعل والفاعل,جملة,في «قَرَأَ الطِّفْلُ الكِتَابَ»، «قرأ» هو الفعل، و«الطفل» قام بالقراءة، فهو الفاعل المرفوع بالضمة. أمّا «الكتاب» فلم يقرأ، بل وقع عليه الفعل.,طُبّق,عُدّل النص المرتبط بهذا التعليق. قبل: «في «قَرَأَ الطِّفْلُ الكِتَابَ»، «قرأ» هو الفعل، و«الطفل» قام بالقراءة، فهو الفاعل المرفوع بالضمة. أمّا «الكتاب» فلم يقرأ، بل وقع عليه الفعل.»؛ بعد: «في جملة «قَرَأَ الطِّفْلُ الكِتَابَ»، «قرأ» هو الفعل، و«الطفل» قام بالقراءة، فهو الفاعل المرفوع بالضمة. أمّا «الكتاب» فلم يقرأ، بل وقع عليه الفعل.».,
105,Sherif Gomaa,الدرس ٤: الفعل والفاعل,(القراءة),في «قَرَأَ الطِّفْلُ الكِتَابَ»، «قرأ» هو الفعل، و«الطفل» قام بالقراءة، فهو الفاعل المرفوع بالضمة. أمّا «الكتاب» فلم يقرأ، بل وقع عليه الفعل.,طُبّق,عُدّل النص المرتبط بهذا التعليق. قبل: «في «قَرَأَ الطِّفْلُ الكِتَابَ»، «قرأ» هو الفعل، و«الطفل» قام بالقراءة، فهو الفاعل المرفوع بالضمة. أمّا «الكتاب» فلم يقرأ، بل وقع عليه الفعل.»؛ بعد: «في جملة «قَرَأَ الطِّفْلُ الكِتَابَ»، «قرأ» هو الفعل، و«الطفل» قام بالقراءة، فهو الفاعل المرفوع بالضمة. أمّا «الكتاب» فلم يقرأ، بل وقع عليه الفعل.».,
106,Sherif Gomaa,الدرس ٤: الفعل والفاعل,مثال، في عبارة:,إذا بدأت الجملة غير المشكولة بفعل معروف، فابحث عمّن قام به. في «كتب المعلم»، المعلّم هو الذي كتب، فنقرأها «المُعَلِّمُ».,طُبّق,عُدّل النص المرتبط بهذا التعليق. قبل: «إذا بدأت الجملة غير المشكولة بفعل معروف، فابحث عمّن قام به. في «كتب المعلم»، المعلّم هو الذي كتب، فنقرأها «المُعَلِّمُ».»؛ بعد: «إذا بدأت الجملة غير المشكولة بفعل معروف، فابحث عمّن أُسنِد إليه. في العبارة «كتب المعلم»، المعلّم هو الذي كتب، فنقرأها «المُعَلِّمُ».».,
107,Sherif Gomaa,الدرس ٤: الفعل والفاعل,عين الفعل فيما يلي:,أي كلمة هي الفعل في «قرأ الطفل الكتاب»؟,طُبّق,عُدّل النص المرتبط بهذا التعليق. قبل: «أي كلمة هي الفعل في «قرأ الطفل الكتاب»؟»؛ بعد: «عيّن الفعل فيما يلي: «قرأ الطفل الكتاب».».,
108,Sherif Gomaa,الدرس ٤: الفعل والفاعل,عبارة,من قام بالفعل في «قرأ الطفل الكتاب»؟,طُبّق,عُدّل النص المرتبط بهذا التعليق. قبل: «من قام بالفعل في «قرأ الطفل الكتاب»؟»؛ بعد: «من قام بالفعل في العبارة «قرأ الطفل الكتاب»؟».,
109,Sherif Gomaa,الدرس ٤: الفعل والفاعل,اختر العلامة الإعرابية لكلمة(الطفل),اختر حركة آخر «الطِّفْلـ» عندما يكون فاعلًا.,طُبّق,عُدّل النص المرتبط بهذا التعليق. قبل: «اختر حركة آخر «الطِّفْلـ» عندما يكون فاعلًا.»؛ بعد: «اختر العلامة الإعرابية لكلمة «الطفل» حين تكون فاعلًا.».,
110,Sherif Gomaa,الدرس ٤: الفعل والفاعل,الطفل,اختر حركة آخر «الطِّفْلـ» عندما يكون فاعلًا.,طُبّق,عُدّل النص المرتبط بهذا التعليق. قبل: «اختر حركة آخر «الطِّفْلـ» عندما يكون فاعلًا.»؛ بعد: «اختر العلامة الإعرابية لكلمة «الطفل» حين تكون فاعلًا.».,
111,Sherif Gomaa,الدرس ٤: الفعل والفاعل,لم يسبق الطفل حرف جر ولا مضاف، ولامتبوع مجرور,لا يسبق «الطفل» حرف جر هنا.,طُبّق,عُدّل النص المرتبط بهذا التعليق. قبل: «لا يسبق «الطفل» حرف جر هنا.»؛ بعد: «لا يسبق «الطفل» حرف جر، ولا يقع مضافًا إليه أو تابعًا لمجرور.».,
112,Sherif Gomaa,الدرس ٤: الفعل والفاعل,اختر الحركة المناسبة على آخر كلمة (المعلم) ونحذف علامة الاستفهام,اقرأ «كتب المعلم». ما حركة آخر «المعلم»؟,طُبّق,عُدّل النص المرتبط بهذا التعليق. قبل: «اقرأ «كتب المعلم». ما حركة آخر «المعلم»؟»؛ بعد: «اختر الحركة المناسبة لآخر كلمة «المعلم» في «كتب المعلم».».,
113,Sherif Gomaa,الدرس ٤: الفعل والفاعل,عين الفعل في عبارة,أي كلمة هي الفعل في «غسل الرجل السيارة»؟,طُبّق,عُدّل النص المرتبط بهذا التعليق. قبل: «أي كلمة هي الفعل في «غسل الرجل السيارة»؟»؛ بعد: «عيّن الفعل في العبارة «غسل الرجل السيارة».».,
114,Sherif Gomaa,الدرس ٤: الفعل والفاعل,جملة,من قام بالفعل في «غسل الرجل السيارة»؟,طُبّق,عُدّل النص المرتبط بهذا التعليق. قبل: «من قام بالفعل في «غسل الرجل السيارة»؟»؛ بعد: «من قام بالفعل في جملة «غسل الرجل السيارة»؟».,
115,Sherif Gomaa,الدرس ٤: الفعل والفاعل,كلمة,اختر حركة آخر «الرَّجُلـ» عندما يكون فاعلًا.,طُبّق,عُدّل النص المرتبط بهذا التعليق. قبل: «اختر حركة آخر «الرَّجُلـ» عندما يكون فاعلًا.»؛ بعد: «اختر حركة كلمة «الرجل» حين يكون فاعلًا.».,
116,Sherif Gomaa,الدرس ٤: الفعل والفاعل,لم يسبق بحرف جر، ولا مضاف، ولامتبوع مجرور.,لا يسبق «الرجل» حرف جر هنا.,طُبّق,عُدّل النص المرتبط بهذا التعليق. قبل: «لا يسبق «الرجل» حرف جر هنا.»؛ بعد: «لا يسبق «الرجل» حرف جر، ولا يقع مضافًا إليه أو تابعًا لمجرور.».,
117,Sherif Gomaa,الدرس ٤: الفعل والفاعل,كلمة,اقرأ «لعب الولد». ما حركة آخر «الولد»؟,طُبّق,عُدّل النص المرتبط بهذا التعليق. قبل: «اقرأ «لعب الولد». ما حركة آخر «الولد»؟»؛ بعد: «اقرأ «لعب الولد». ما العلامة الإعرابية لكلمة «الولد»؟».,
118,Sherif Gomaa,الدرس ٤: الفعل والفاعل,حتى ينصب,هذا فعل لازم لا مفعول به فيه يُنصب.,لم يُجرَ تعديل جديد؛ النص موجود حاليًا,لم أجرِ تعديلًا جديدًا لهذا الموضع في هذه الجولة. النص الحالي: «هذا فعل لازم لا مفعول به فيه يُنصب.».,
119,Sherif Gomaa,الدرس ٤: الفعل والفاعل,لم افهمها,عناوين حقول المرجع ومؤلفه وبيان المصدر في شاشة «حول التطبيق»,طُبّق,أُضيفت تسميات واضحة لحقول المرجع والمؤلف وبيان المصدر في شاشة «حول التطبيق».,
120,Sherif Gomaa,الدرس ٥: المفعول به,دقائق,المستوى: المستوى الأول: أساس القراءة | الزمن التقديري: ٩ دقيقة | المتطلبات السابقة: الفعل والفاعل,طُبّق في التطبيق والتصدير,عُدّل عرض مدة الدرس لا نص المنهج: أصبحت صيغة وحدة الدقائق تختار المفرد أو الجمع المناسب للعدد، مع الأرقام العربية.,
121,Sherif Gomaa,الدرس ٥: المفعول به,الفعلية,أن تقرأ المفعول به منصوبًا في الجملة البسيطة.,طُبّق,عُدّل النص المرتبط بهذا التعليق. قبل: «أن تقرأ المفعول به منصوبًا في الجملة البسيطة.»؛ بعد: «أن تقرأ المفعول به منصوبًا في الجملة الفعلية البسيطة.».,
122,Sherif Gomaa,الدرس ٥: المفعول به,في الترتيب النحوي يأتي الفعل ثم يتبعه الفاعل مرفوعا، وقد بتعدى الفعل إلى اسم بعد الفاعل ويقع عليه فيعرب مفعولا به، وهو من وقع عليه الفعل.,تنتقل بعض الأفعال من الفاعل إلى اسم آخر. اسأل: ماذا فتح الفاعل أو قرأ أو شرب أو رأى؟ هذا الاسم هو المفعول به، وهو منصوب في الأصل.,طُبّق,عُدّل النص المرتبط بهذا التعليق. قبل: «تنتقل بعض الأفعال من الفاعل إلى اسم آخر. اسأل: ماذا فتح الفاعل أو قرأ أو شرب أو رأى؟ هذا الاسم هو المفعول به، وهو منصوب في الأصل.»؛ بعد: «في الترتيب النحوي يأتي الفعل ثم الفاعل مرفوعًا، وقد يتعدى الفعل إلى اسم بعد الفاعل يقع عليه، فيُعرب مفعولًا به منصوبًا.».,
123,Sherif Gomaa,الدرس ٥: المفعول به,ما المفتوح؟ ما المشروب؟ الجواب هو المفعول به.,تنتقل بعض الأفعال من الفاعل إلى اسم آخر. اسأل: ماذا فتح الفاعل أو قرأ أو شرب أو رأى؟ هذا الاسم هو المفعول به، وهو منصوب في الأصل.,طُبّق,عُدّل النص المرتبط بهذا التعليق. قبل: «تنتقل بعض الأفعال من الفاعل إلى اسم آخر. اسأل: ماذا فتح الفاعل أو قرأ أو شرب أو رأى؟ هذا الاسم هو المفعول به، وهو منصوب في الأصل.»؛ بعد: «في الترتيب النحوي يأتي الفعل ثم الفاعل مرفوعًا، وقد يتعدى الفعل إلى اسم بعد الفاعل يقع عليه، فيُعرب مفعولًا به منصوبًا.».,
124,Sherif Gomaa,الدرس ٥: المفعول به,عبارة,في «فَتَحَ الوَلَدُ البَابَ»، «الولد» قام بالفتح، فهو فاعل مرفوع. ووقع الفتح على «الباب»، فهو مفعول به منصوب بالفتحة.,طُبّق,عُدّل النص المرتبط بهذا التعليق. قبل: «في «فَتَحَ الوَلَدُ البَابَ»، «الولد» قام بالفتح، فهو فاعل مرفوع. ووقع الفتح على «الباب»، فهو مفعول به منصوب بالفتحة.»؛ بعد: «في العبارة «فَتَحَ الوَلَدُ البَابَ»، «الولد» قام بالفتح، فهو فاعل مرفوع. ووقع الفتح على «الباب»، فهو مفعول به منصوب بالفتحة.».,
125,Sherif Gomaa,الدرس ٥: المفعول به,لأن,هذا الفعل الماضي مبني على الفتح.,لم يُجرَ تعديل جديد؛ النص موجود حاليًا,لم أجرِ تعديلًا جديدًا لهذا الموضع في هذه الجولة. النص الحالي: «هذا الفعل الماضي مبني على الفتح.».,
126,Sherif Gomaa,الدرس ٥: المفعول به,قولك:,في «شرب الطفل الماء»، الطفل هو الذي شرب، والماء هو الذي وقع عليه الشرب. يدل التركيب والمعنى معًا على القراءة: «الطِّفْلُ المَاءَ».,طُبّق,عُدّل النص المرتبط بهذا التعليق. قبل: «في «شرب الطفل الماء»، الطفل هو الذي شرب، والماء هو الذي وقع عليه الشرب. يدل التركيب والمعنى معًا على القراءة: «الطِّفْلُ المَاءَ».»؛ بعد: «في قولك: «شرب الطفل الماء»، الطفل هو الذي شرب، والماء هو المشروب الذي وقع عليه فعل الشرب. يدل التركيب والمعنى معًا على القراءة: «الطِّفْلُ المَاءَ».».,
127,Sherif Gomaa,الدرس ٥: المفعول به,(المشروب),في «شرب الطفل الماء»، الطفل هو الذي شرب، والماء هو الذي وقع عليه الشرب. يدل التركيب والمعنى معًا على القراءة: «الطِّفْلُ المَاءَ».,طُبّق,عُدّل النص المرتبط بهذا التعليق. قبل: «في «شرب الطفل الماء»، الطفل هو الذي شرب، والماء هو الذي وقع عليه الشرب. يدل التركيب والمعنى معًا على القراءة: «الطِّفْلُ المَاءَ».»؛ بعد: «في قولك: «شرب الطفل الماء»، الطفل هو الذي شرب، والماء هو المشروب الذي وقع عليه فعل الشرب. يدل التركيب والمعنى معًا على القراءة: «الطِّفْلُ المَاءَ».».,
128,Sherif Gomaa,الدرس ٥: المفعول به,عمن,«فتح» فعل؛ اسأل: ماذا فتح الفاعل؟ فالاسم الذي وقع عليه الفعل هو المفعول به.,طُبّق,صيغت التغذية الراجعة بسؤال «ماذا فتح الفاعل؟» لتحديد المفعول به بوضوح.,
129,Sherif Gomaa,الدرس ٥: المفعول به,خطأ؛ لأن الرفع للفاعل في هذا النمط.,الرفع للفاعل في هذا النمط البسيط.,لم يُجرَ تعديل جديد؛ النص موجود حاليًا,لم أجرِ تعديلًا جديدًا لهذا الموضع في هذه الجولة. النص الحالي: «الرفع للفاعل في هذا النمط البسيط.».,
130,Sherif Gomaa,الدرس ٥: المفعول به,علامة الإعراب في عبارة: فتح محمد الباب.,اختر حركة آخر «البَابـ» عندما يكون مفعولًا به.,طُبّق,عُدّل النص المرتبط بهذا التعليق. قبل: «اختر حركة آخر «البَابـ» عندما يكون مفعولًا به.»؛ بعد: «اقرأ «فتح الولد الباب». ما العلامة الإعرابية لكلمة «الباب»؟».,
131,Sherif Gomaa,الدرس ٥: المفعول به,لأن المفعول....,صحيح. هذا المفعول به المفرد منصوب بالفتحة.,لم يُجرَ تعديل جديد؛ النص موجود حاليًا,لم أجرِ تعديلًا جديدًا لهذا الموضع في هذه الجولة. النص الحالي: «صحيح. هذا المفعول به المفرد منصوب بالفتحة.».,
132,Sherif Gomaa,الدرس ٥: المفعول به,خطأ؛ لأن الضمة علامة للرفع.,الضمة تدل على الرفع، لكن الفعل وقع على الباب.,لم يُجرَ تعديل جديد؛ النص موجود حاليًا,لم أجرِ تعديلًا جديدًا لهذا الموضع في هذه الجولة. النص الحالي: «الضمة تدل على الرفع، لكن الفعل وقع على الباب.».,
133,Sherif Gomaa,الدرس ٥: المفعول به,لا يوجد سبب من أسباب الجر. ماهي أسبابه؟,لا يسبق «الباب» حرف جر، ولا يقع مضافًا إليه أو تابعًا لمجرور.,طُبّق,وُضّحت أسباب الجر المنفية: حرف الجر، والإضافة، والتبعية لمجرور.,
134,Sherif Gomaa,الدرس ٥: المفعول به,اقرأ:,اقرأ «شرب الطفل الماء». ما حركة آخر «الماء»؟,طُبّق,عُدّل النص المرتبط بهذا التعليق. قبل: «اقرأ «شرب الطفل الماء». ما حركة آخر «الماء»؟»؛ بعد: «اقرأ «شرب الطفل الماء». ما العلامة الإعرابية لكلمة «الماء»؟».,
135,Sherif Gomaa,الدرس ٥: المفعول به,ما العلامة الإعرابية,اقرأ «شرب الطفل الماء». ما حركة آخر «الماء»؟,طُبّق,عُدّل النص المرتبط بهذا التعليق. قبل: «اقرأ «شرب الطفل الماء». ما حركة آخر «الماء»؟»؛ بعد: «اقرأ «شرب الطفل الماء». ما العلامة الإعرابية لكلمة «الماء»؟».,
136,Sherif Gomaa,الدرس ٥: المفعول به,لأن فعل الشرب وقع على الماء؛فهو مفعول به.,صحيح. وقع فعل الشرب على الماء، فهو مفعول به منصوب.,لم يُجرَ تعديل جديد؛ النص موجود حاليًا,لم أجرِ تعديلًا جديدًا لهذا الموضع في هذه الجولة. النص الحالي: «صحيح. وقع فعل الشرب على الماء، فهو مفعول به منصوب.».,
137,Sherif Gomaa,الدرس ٥: المفعول به,لا يوجد سبب لجره.,لا يسبق «الماء» حرف جر، ولا يقع مضافًا إليه أو تابعًا لمجرور.,طُبّق,وُضّح أن «الماء» ليس في موقع الجر، ولا يسبقه حرف جر ولا يقع مضافًا إليه أو تابعًا لمجرور.,
138,Sherif Gomaa,الدرس ٥: المفعول به,ما العلامة الإعرابية لكلمة( العصير)؟,اقرأ «شرب الرجل العصير». ما حركة آخر «العصير»؟,طُبّق,عُدّل النص المرتبط بهذا التعليق. قبل: «اقرأ «شرب الرجل العصير». ما حركة آخر «العصير»؟»؛ بعد: «اقرأ «شرب الرجل العصير». ما العلامة الإعرابية لكلمة «العصير»؟».,
139,Sherif Gomaa,الدرس ٥: المفعول به,لا سبب للجر,لا يسبق «العصير» حرف جر، ولا يقع مضافًا إليه أو تابعًا لمجرور.,طُبّق,وُضّح أن «العصير» ليس في موقع الجر ولا يقع مضافًا إليه أو تابعًا لمجرور.,
140,Sherif Gomaa,الدرس ٦: حروف الجر,دقائق,المستوى: المستوى الأول: أساس القراءة | الزمن التقديري: ٩ دقيقة | المتطلبات السابقة: المفعول به,طُبّق في التطبيق والتصدير,عُدّل عرض مدة الدرس لا نص المنهج: أصبحت صيغة وحدة الدقائق تختار المفرد أو الجمع المناسب للعدد، مع الأرقام العربية.,
141,Sherif Gomaa,الدرس ٦: حروف الجر,الكسرة علامة على الجر,حرف الجر دليل على الكسرة (تمهيد),طُبّق,عنوان التمهيد الحالي هو «حرف الجر دليل على الكسرة».,
142,Sherif Gomaa,الدرس ٦: حروف الجر,لأن الفعل الماضي مبني.,هذا الفعل الماضي مبني على الفتح.,لم يُجرَ تعديل جديد؛ النص موجود حاليًا,لم أجرِ تعديلًا جديدًا لهذا الموضع في هذه الجولة. النص الحالي: «هذا الفعل الماضي مبني على الفتح.».,
143,Sherif Gomaa,الدرس ٦: حروف الجر,إلى,إلىى,صُحّح في نص المنهج الحالي,النص الحالي يكتب حرف الجر «إلى» كتابة صحيحة، لا «إلىى». لم أغيّر متن ملف DOCX، بل أضفت هذا الرد على التعليق.,
144,Sherif Gomaa,الدرس ٦: حروف الجر,عبارة,عندما ترى «في البيت» بلا تشكيل، يخبرك حرف «في» بكيفية قراءة آخر الاسم بعده: «فِي البَيْتِ». فالتركيب المكتوب يعوض الحركة المحذوفة.,طُبّق,عُدّل النص المرتبط بهذا التعليق. قبل: «عندما ترى «في البيت» بلا تشكيل، يخبرك حرف «في» بكيفية قراءة آخر الاسم بعده: «فِي البَيْتِ». فالتركيب المكتوب يعوض الحركة المحذوفة.»؛ بعد: «عندما ترى العبارة «في البيت» بلا تشكيل، يخبرك حرف «في» بكيفية قراءة آخر الاسم بعده: «فِي البَيْتِ». فالتركيب المكتوب يعوض الحركة المحذوفة.».,
145,Sherif Gomaa,الدرس ٦: حروف الجر,بالكسر,يظهر الاسم بعد حرف الجر مجرورًا بالكسرة، وخيار «الكسرة: ِ» هو الإجابة الصحيحة في التمارين.,لم يُجرَ تعديل جديد؛ النص موجود بالفعل في الشرح وخيار الإجابة.,تظهر الكسرة بوضوح في الشرح والتمارين، وهي الإجابة الصحيحة لاسم يقع بعد حرف الجر.,
146,Sherif Gomaa,الدرس ٦: حروف الجر,عبارة,أي كلمة هي حرف الجر في «ذهب الطالب إلى المدرسة»؟,طُبّق,عُدّل النص المرتبط بهذا التعليق. قبل: «أي كلمة هي حرف الجر في «ذهب الطالب إلى المدرسة»؟»؛ بعد: «أي كلمة هي حرف الجر في العبارة «ذهب الطالب إلى المدرسة»؟».,
147,Sherif Gomaa,الدرس ٦: حروف الجر,لا؛ لأنه يدل على معنى في نفسه.,«الطالب» اسم وهو فاعل «ذهب».,طُبّق,عُدّل النص المرتبط بهذا التعليق. قبل: ««الطالب» اسم وهو فاعل «ذهب».»؛ بعد: ««الطالب» يدل على معنى في نفسه، وهو فاعل «ذهب».».,
148,Sherif Gomaa,الدرس ٦: حروف الجر,لا؛ لأنه يدل على حدث وزمن.,«ذهب» فعل ماضٍ.,طُبّق,عُدّل النص المرتبط بهذا التعليق. قبل: ««ذهب» فعل ماضٍ.»؛ بعد: ««ذهب» يدل على حدث وزمن، فهو فعل.».,
149,Sherif Gomaa,الدرس ٦: حروف الجر,عبارة,أي اسم جرّه حرف الجر في «في البيت»؟,طُبّق,عُدّل النص المرتبط بهذا التعليق. قبل: «أي اسم جرّه حرف الجر في «في البيت»؟»؛ بعد: «أي اسم جرّه حرف الجر في العبارة «في البيت»؟».,
150,Sherif Gomaa,الدرس ٦: حروف الجر,لأن,صحيح. حروف الجر تجر الأسماء بعدها.,لم يُجرَ تعديل جديد؛ النص موجود حاليًا,لم أجرِ تعديلًا جديدًا لهذا الموضع في هذه الجولة. النص الحالي: «صحيح. حروف الجر تجر الأسماء بعدها.».,
151,Sherif Gomaa,الدرس ٦: حروف الجر,لا؛ لأن الرفع للمبتدأ والخبر والفاعل ونحوه، وليس لما سبق لحرف الجر.,الرفع لأدوار مثل الفاعل، وليس للاسم بعد حرف الجر.,لم يُجرَ تعديل جديد؛ النص موجود حاليًا,لم أجرِ تعديلًا جديدًا لهذا الموضع في هذه الجولة. النص الحالي: «الرفع لأدوار مثل الفاعل، وليس للاسم بعد حرف الجر.».,
152,Sherif Gomaa,الدرس ٦: حروف الجر,لا؛ لأن النصب للمفاعيل ونحوها، أما ما سبق بحرف جر فيجب جره.,النصب لأدوار مثل المفعول به؛ أما حرف الجر فيسبب الجر.,لم يُجرَ تعديل جديد؛ النص موجود حاليًا,لم أجرِ تعديلًا جديدًا لهذا الموضع في هذه الجولة. النص الحالي: «النصب لأدوار مثل المفعول به؛ أما حرف الجر فيسبب الجر.».,
153,Sherif Gomaa,الدرس ٦: حروف الجر,ما الحركة على آخر (الكرسي)؟,اقرأ «جلست على الكرسي». ما حركة آخر «الكرسي»؟,طُبّق,عُدّل النص المرتبط بهذا التعليق. قبل: «اقرأ «جلست على الكرسي». ما حركة آخر «الكرسي»؟»؛ بعد: «اقرأ «جلست على الكرسي». ما الحركة المناسبة لآخر كلمة «الكرسي»؟».,
154,Sherif Gomaa,الدرس ٦: حروف الجر,فلا يناسبه الرفع,«على» تجر الاسم بعدها، فلا يناسب الرفع هنا.,لم يُجرَ تعديل جديد؛ النص موجود حاليًا,لم أجرِ تعديلًا جديدًا لهذا الموضع في هذه الجولة. النص الحالي: ««على» تجر الاسم بعدها، فلا يناسب الرفع هنا.».,
155,Sherif Gomaa,الدرس ٦: حروف الجر,ما معنى البديلة؟,تمارين المراجعة البديلة,طُبّق في التصدير,في ملف التصدير تغيّر العنوان من «تمارين المراجعة البديلة» إلى «تمارين مراجعة إضافية» لتجنب غموض كلمة «البديلة».,
156,Sherif Gomaa,الدرس ٦: حروف الجر,جملة,أي كلمة حرف جر في «خرج الطبيب من المستشفى»؟,طُبّق,عُدّل النص المرتبط بهذا التعليق. قبل: «أي كلمة حرف جر في «خرج الطبيب من المستشفى»؟»؛ بعد: «أي كلمة حرف جر في جملة «خرج الطبيب من المستشفى»؟».,
157,Sherif Gomaa,الدرس ٦: حروف الجر,معناه,صحيح. «من» حرف جر بمعنى الابتداء.,طُبّق,عُدّل النص المرتبط بهذا التعليق. قبل: «صحيح. «من» حرف جر بمعنى الابتداء.»؛ بعد: «صحيح. «من» حرف جر يبيّن المكان الذي خرج منه الطبيب.».,
158,Sherif Gomaa,الدرس ٦: حروف الجر,عبارة,أي اسم مجرور بحرف الجر في «في الحديقة»؟,طُبّق,عُدّل النص المرتبط بهذا التعليق. قبل: «أي اسم مجرور بحرف الجر في «في الحديقة»؟»؛ بعد: «أي اسم مجرور بحرف الجر في العبارة «في الحديقة»؟».,
159,Sherif Gomaa,الدرس ٦: حروف الجر,لا؛ لأن الحديقة اسم يدل على معنى في نفسه.,«الحديقة» اسم يدل على معنى في نفسه، وقد جاء بعد حرف الجر «في».,طُبّق,عُدّلت التغذية الراجعة لتجمع بين دلالة الاسم على معنى في نفسه ووقوعه بعد حرف الجر.,
160,Sherif Gomaa,الدرس ٦: حروف الجر,ما الحالة التي يكون عليها الاسم بعد حرف الجر؟,ما الحالة التي يجعل حرف الجر الاسم بعده عليها عادة؟,طُبّق,عُدّل النص المرتبط بهذا التعليق. قبل: «ما الحالة التي يجعل حرف الجر الاسم بعده عليها عادة؟»؛ بعد: «ما الحالة الإعرابية للاسم الذي يأتي بعد حرف الجر؟».,
161,Sherif Gomaa,الدرس ٦: حروف الجر,تحذف عبارة في الأصل,صحيح. الاسم بعد حرف الجر مجرور في الأصل.,طُبّق,عُدّل النص المرتبط بهذا التعليق. قبل: «صحيح. الاسم بعد حرف الجر مجرور في الأصل.»؛ بعد: «صحيح. الاسم بعد حرف الجر مجرور.».,
162,Sherif Gomaa,الدرس ٦: حروف الجر,ما العلامة الإعرابية لكلمة(الحديقة)؟,اقرأ «جلس الرجل في الحديقة». ما حركة آخر «الحديقة»؟,طُبّق,عُدّل النص المرتبط بهذا التعليق. قبل: «اقرأ «جلس الرجل في الحديقة». ما حركة آخر «الحديقة»؟»؛ بعد: «اقرأ «جلس الرجل في الحديقة». ما العلامة الإعرابية لكلمة «الحديقة»؟».,
163,Sherif Gomaa,الدرس ٦: حروف الجر,لأن,صحيح. «الحديقة» بعد «في» فهي مجرورة.,طُبّق,عُدّل النص المرتبط بهذا التعليق. قبل: «صحيح. «الحديقة» بعد «في» فهي مجرورة.»؛ بعد: «صحيح. «الحديقة» اسم مجرور؛ لأنه جاء بعد «في».».,
164,Sherif Gomaa,الدرس ٦: حروف الجر,اسم مجرور.,صحيح. «الحديقة» بعد «في» فهي مجرورة.,طُبّق,عُدّل النص المرتبط بهذا التعليق. قبل: «صحيح. «الحديقة» بعد «في» فهي مجرورة.»؛ بعد: «صحيح. «الحديقة» اسم مجرور؛ لأنه جاء بعد «في».».,
165,Sherif Gomaa,الدرس ٦: حروف الجر,لا؛ لأن (الحديقة) سبقت بحرف الجر.,«الرجل» هو الفاعل؛ و«الحديقة» بعد حرف جر.,لم يُجرَ تعديل جديد؛ النص موجود حاليًا,لم أجرِ تعديلًا جديدًا لهذا الموضع في هذه الجولة. النص الحالي: ««الرجل» هو الفاعل؛ و«الحديقة» بعد حرف جر.».,
166,Sherif Gomaa,الدرس ٦: حروف الجر,لا؛ لأن (الحديقة) سبقت بحرف الجر، والنصب للمفاعيل.,«الحديقة» ليست مفعولًا به هنا؛ فهي بعد «في».,لم يُجرَ تعديل جديد؛ النص موجود حاليًا,لم أجرِ تعديلًا جديدًا لهذا الموضع في هذه الجولة. النص الحالي: ««الحديقة» ليست مفعولًا به هنا؛ فهي بعد «في».».,
167,Sherif Gomaa,الدرس ٧: تحدّي القراءة للمستوى الأول,دقائق,المستوى: المستوى الأول: أساس القراءة | الزمن التقديري: ١٠ دقيقة | المتطلبات السابقة: حروف الجر,طُبّق في التطبيق والتصدير,عُدّل عرض مدة الدرس لا نص المنهج: أصبحت صيغة وحدة الدقائق تختار المفرد أو الجمع المناسب للعدد، مع الأرقام العربية.,
168,Sherif Gomaa,الدرس ٧: تحدّي القراءة للمستوى الأول,في الجملة الفعلية,في الجملة الفعلية، اسأل: من قام بالفعل؟ وعلى ماذا وقع الفعل؟ وهل يسبق الاسم حرف جر؟ وفي الجملة الاسمية، ما الكلمة التي بدأ بها الكلام؟ وما الكلمة التي أخبرت عن المبتدأ؟,طُبّق,صيغت الأسئلة صراحةً للجملة الفعلية والاسمية، مع ذكر ما طلبه التعليق عن الكلمة التي يبدأ بها الكلام وما تخبر عن المبتدأ.,
169,Sherif Gomaa,الدرس ٧: تحدّي القراءة للمستوى الأول,ومن وقع عليه الفعل؟,في الجملة الفعلية، اسأل: من قام بالفعل؟ وعلى ماذا وقع الفعل؟ وهل يسبق الاسم حرف جر؟ وفي الجملة الاسمية، ما الكلمة التي بدأ بها الكلام؟ وما الكلمة التي أخبرت عن المبتدأ؟,طُبّق,أُضيف سؤال «على ماذا وقع الفعل؟» ضمن أسئلة تحليل الجملة الفعلية.,
170,Sherif Gomaa,الدرس ٧: تحدّي القراءة للمستوى الأول,ما الكلمة التي بدأ الكلام بها؟ وما الكلمة التي أخبرت عن المبتدأ؟,في الجملة الفعلية، اسأل: من قام بالفعل؟ وعلى ماذا وقع الفعل؟ وهل يسبق الاسم حرف جر؟ وفي الجملة الاسمية، ما الكلمة التي بدأ بها الكلام؟ وما الكلمة التي أخبرت عن المبتدأ؟,طُبّق,أُضيف في شرح الجملة الاسمية السؤال عن الكلمة التي بدأ بها الكلام والكلمة التي أخبرت عن المبتدأ.,
171,Sherif Gomaa,الدرس ٧: تحدّي القراءة للمستوى الأول,جملة,في جملة «شاهد الطفل القمر في السماء»، «الطفل» فاعل مرفوع؛ فقد قام بفعل الرؤية. و«القمر» مفعول به منصوب؛ إذ وقع عليه فعل الرؤية. أما «السماء» فاسم مجرور؛ لأنه جاء بعد «في». وتوضح هذه الوظائف النحوية سبب الحركات، حتى إن لم تُكتب.,طُبّق,أُضيفت كلمة «جملة» إلى المثال، مع توضيح مواقع الكلمات الثلاث.,
172,Sherif Gomaa,الدرس ٧: تحدّي القراءة للمستوى الأول,فاعل مرفوع,في جملة «شاهد الطفل القمر في السماء»، «الطفل» فاعل مرفوع؛ فقد قام بفعل الرؤية. و«القمر» مفعول به منصوب؛ إذ وقع عليه فعل الرؤية. أما «السماء» فاسم مجرور؛ لأنه جاء بعد «في». وتوضح هذه الوظائف النحوية سبب الحركات، حتى إن لم تُكتب.,طُبّق,سُمّي «الطفل» صراحةً فاعلًا مرفوعًا بدل الاكتفاء بوصفه بأنه مرفوع.,
173,Sherif Gomaa,الدرس ٧: تحدّي القراءة للمستوى الأول,(الرؤية),في جملة «شاهد الطفل القمر في السماء»، «الطفل» فاعل مرفوع؛ فقد قام بفعل الرؤية. و«القمر» مفعول به منصوب؛ إذ وقع عليه فعل الرؤية. أما «السماء» فاسم مجرور؛ لأنه جاء بعد «في». وتوضح هذه الوظائف النحوية سبب الحركات، حتى إن لم تُكتب.,طُبّق,وُضّح أن الفعل الواقع على «القمر» هو فعل الرؤية.,
174,Sherif Gomaa,الدرس ٧: تحدّي القراءة للمستوى الأول,مفعول به منصوب,في جملة «شاهد الطفل القمر في السماء»، «الطفل» فاعل مرفوع؛ فقد قام بفعل الرؤية. و«القمر» مفعول به منصوب؛ إذ وقع عليه فعل الرؤية. أما «السماء» فاسم مجرور؛ لأنه جاء بعد «في». وتوضح هذه الوظائف النحوية سبب الحركات، حتى إن لم تُكتب.,طُبّق,سُمّي «القمر» صراحةً مفعولًا به منصوبًا.,
175,Sherif Gomaa,الدرس ٧: تحدّي القراءة للمستوى الأول,اسم مجرور,في جملة «شاهد الطفل القمر في السماء»، «الطفل» فاعل مرفوع؛ فقد قام بفعل الرؤية. و«القمر» مفعول به منصوب؛ إذ وقع عليه فعل الرؤية. أما «السماء» فاسم مجرور؛ لأنه جاء بعد «في». وتوضح هذه الوظائف النحوية سبب الحركات، حتى إن لم تُكتب.,طُبّق,سُمّيت «السماء» صراحةً اسمًا مجرورًا بعد حرف الجر «في».,
176,Sherif Gomaa,الدرس ٧: تحدّي القراءة للمستوى الأول,مامعناها؟,في جملة «شاهد الطفل القمر في السماء»، «الطفل» فاعل مرفوع؛ فقد قام بفعل الرؤية. و«القمر» مفعول به منصوب؛ إذ وقع عليه فعل الرؤية. أما «السماء» فاسم مجرور؛ لأنه جاء بعد «في». وتوضح هذه الوظائف النحوية سبب الحركات، حتى إن لم تُكتب.,طُبّق,استُبدلت عبارة «هذه الأدوار» بتوضيح أن الوظائف النحوية تفسر الحركات الإعرابية.,
177,Sherif Gomaa,الدرس ٧: تحدّي القراءة للمستوى الأول,لأن الفعل ...,هذا الفعل الماضي مبني على الفتح.,لم يُجرَ تعديل جديد؛ النص موجود حاليًا,لم أجرِ تعديلًا جديدًا لهذا الموضع في هذه الجولة. النص الحالي: «هذا الفعل الماضي مبني على الفتح.».,
178,Sherif Gomaa,الدرس ٧: تحدّي القراءة للمستوى الأول,ما العلامة الإعرابية لكلمة(طويل),اقرأ «الطريق طويل». ما العلامة الإعرابية لكلمة «طويل»؟,طُبّق,عُدّل السؤال ليطلب العلامة الإعرابية لكلمة «طويل» وفق التعليق.,
179,Sherif Gomaa,الدرس ٧: تحدّي القراءة للمستوى الأول,لأنه خبر,صحيح. «طويل» خبر مرفوع.,لم يُجرَ تعديل جديد؛ النص موجود حاليًا,لم أجرِ تعديلًا جديدًا لهذا الموضع في هذه الجولة. النص الحالي: «صحيح. «طويل» خبر مرفوع.».,
180,Sherif Gomaa,الدرس ٧: تحدّي القراءة للمستوى الأول,ما العلامة الإعرابية لكلمة( الولد)؟,اقرأ «أكل الولد التفاحة». ما العلامة الإعرابية لكلمة «الولد»؟,طُبّق,عُدّل السؤال ليطلب العلامة الإعرابية لكلمة «الولد» وفق التعليق.,
181,Sherif Gomaa,الدرس ٧: تحدّي القراءة للمستوى الأول,لأن,صحيح. الولد قام بالأكل، فهو فاعل مرفوع.,لم يُجرَ تعديل جديد؛ النص موجود حاليًا,لم أجرِ تعديلًا جديدًا لهذا الموضع في هذه الجولة. النص الحالي: «صحيح. الولد قام بالأكل، فهو فاعل مرفوع.».,
182,Sherif Gomaa,الدرس ٧: تحدّي القراءة للمستوى الأول,لم يسبق كلمة(الولد),لا يسبق «الولد» حرف جر.,لم يُجرَ تعديل جديد؛ النص موجود حاليًا,لم أجرِ تعديلًا جديدًا لهذا الموضع في هذه الجولة. النص الحالي: «لا يسبق «الولد» حرف جر.».,
183,Sherif Gomaa,الدرس ٧: تحدّي القراءة للمستوى الأول,ما الحركة على آخر (التفاحة)؟,في الجملة نفسها، ما الحركة المناسبة على آخر كلمة «التفاحة»؟,طُبّق,عُدّل السؤال ليطابق صياغة التعليق عن الحركة المناسبة على آخر كلمة «التفاحة».,
184,Sherif Gomaa,الدرس ٧: تحدّي القراءة للمستوى الأول,لأن الأكل وقع عليها,صحيح. وقع الأكل على التفاحة، فهي مفعول به منصوب.,لم يُجرَ تعديل جديد؛ النص موجود حاليًا,لم أجرِ تعديلًا جديدًا لهذا الموضع في هذه الجولة. النص الحالي: «صحيح. وقع الأكل على التفاحة، فهي مفعول به منصوب.».,
185,Sherif Gomaa,الدرس ٧: تحدّي القراءة للمستوى الأول,لم تسبق كلمة( التفاحة),لا يسبق «التفاحة» حرف جر.,لم يُجرَ تعديل جديد؛ النص موجود حاليًا,لم أجرِ تعديلًا جديدًا لهذا الموضع في هذه الجولة. النص الحالي: «لا يسبق «التفاحة» حرف جر.».,
186,Sherif Gomaa,الدرس ٧: تحدّي القراءة للمستوى الأول,ما العلامة الإعرابية لكلمة(العمل)؟,اقرأ «عاد الأب من العمل». ما العلامة الإعرابية لكلمة «العمل»؟,طُبّق,عُدّل السؤال ليطلب العلامة الإعرابية لكلمة «العمل» وفق التعليق.,
187,Sherif Gomaa,الدرس ٧: تحدّي القراءة للمستوى الأول,يجر الكلمة بعده,حرف الجر «من» يجر «العمل».,لم يُجرَ تعديل جديد؛ النص موجود حاليًا,لم أجرِ تعديلًا جديدًا لهذا الموضع في هذه الجولة. النص الحالي: «حرف الجر «من» يجر «العمل».».,
188,Sherif Gomaa,الدرس ٧: تحدّي القراءة للمستوى الأول,عبارة,في جملة «شاهد الطفل القمر في السماء»، أي ترتيب صحيح؟,طُبّق,أُضيفت كلمة «جملة» إلى صياغة السؤال كما طلب التعليق.,
189,Sherif Gomaa,الدرس ٧: تحدّي القراءة للمستوى الأول,لا. اسأل:,اسأل: من رأى ماذا؟ ثم انتبه إلى حرف الجر «في».,لم يُجرَ تعديل جديد؛ النص موجود حاليًا,لم أجرِ تعديلًا جديدًا لهذا الموضع في هذه الجولة. النص الحالي: «اسأل: من رأى ماذا؟ ثم انتبه إلى حرف الجر «في».».,
190,Sherif Gomaa,الدرس ٧: تحدّي القراءة للمستوى الأول,لا؛ لأن لكل......,لكل اسم علاقة مختلفة بالفعل.,لم يُجرَ تعديل جديد؛ النص موجود حاليًا,لم أجرِ تعديلًا جديدًا لهذا الموضع في هذه الجولة. النص الحالي: «لكل اسم علاقة مختلفة بالفعل.».,
191,Sherif Gomaa,الدرس ٧: تحدّي القراءة للمستوى الأول,ما الحركة المناسبة لآخر كلمة(جميل)؟,جملة جديدة: «الجو جميل». ما الحركة المناسبة لآخر كلمة «جميل»؟,طُبّق,عُدّل السؤال ليطابق طلب الحركة المناسبة لآخر كلمة «جميل».,
192,Sherif Gomaa,الدرس ٧: تحدّي القراءة للمستوى الأول,لا؛.....,هذه جملة اسمية؛ و«جميل» ليس مفعولًا به.,لم يُجرَ تعديل جديد؛ النص موجود حاليًا,لم أجرِ تعديلًا جديدًا لهذا الموضع في هذه الجولة. النص الحالي: «هذه جملة اسمية؛ و«جميل» ليس مفعولًا به.».,
193,Sherif Gomaa,الدرس ٧: تحدّي القراءة للمستوى الأول,ما الحركة التي تناسب آخر كلمة( القطار) في الجملة؟,جملة جديدة: «وصل القطار». ما الحركة المناسبة لآخر كلمة «القطار»؟,طُبّق,عُدّل السؤال ليطابق صياغة التعليق عن الحركة المناسبة لآخر كلمة «القطار».,
194,Sherif Gomaa,الدرس ٧: تحدّي القراءة للمستوى الأول,لا؛ لأن,القطار قام بالفعل، ولم يقع الفعل عليه.,لم يُجرَ تعديل جديد؛ النص موجود حاليًا,لم أجرِ تعديلًا جديدًا لهذا الموضع في هذه الجولة. النص الحالي: «القطار قام بالفعل، ولم يقع الفعل عليه.».,
195,Sherif Gomaa,الدرس ٧: تحدّي القراءة للمستوى الأول,لا؛ لأن كلمة القطار لم تسبق بحرف جر.,لا يسبق «القطار» حرف جر.,لم يُجرَ تعديل جديد؛ النص موجود حاليًا,لم أجرِ تعديلًا جديدًا لهذا الموضع في هذه الجولة. النص الحالي: «لا يسبق «القطار» حرف جر.».,
196,Sherif Gomaa,الدرس ٧: تحدّي القراءة للمستوى الأول,ما العلامة التي تناسب آخر كلمة(الحقيبة) في الجملة؟,جملة جديدة: «حمل الرجل الحقيبة». ما العلامة الإعرابية لكلمة «الحقيبة»؟,طُبّق,عُدّل السؤال ليسأل عن العلامة الإعرابية لكلمة «الحقيبة».,
197,Sherif Gomaa,الدرس ٧: تحدّي القراءة للمستوى الأول,لا؛ لأن....,الرجل هو الذي حمل، وليس الحقيبة.,لم يُجرَ تعديل جديد؛ النص موجود حاليًا,لم أجرِ تعديلًا جديدًا لهذا الموضع في هذه الجولة. النص الحالي: «الرجل هو الذي حمل، وليس الحقيبة.».,
198,Sherif Gomaa,الدرس ٧: تحدّي القراءة للمستوى الأول,لا؛ لأن كلمة الحقيبة لم تسبق بحرف جر.,لا يسبق «الحقيبة» حرف جر.,لم يُجرَ تعديل جديد؛ النص موجود حاليًا,لم أجرِ تعديلًا جديدًا لهذا الموضع في هذه الجولة. النص الحالي: «لا يسبق «الحقيبة» حرف جر.».,
199,Sherif Gomaa,الدرس ٧: تحدّي القراءة للمستوى الأول,ما العلامة الإعرابية لكلمة( المدينة)؟,جملة جديدة: «سافر خالد إلى المدينة». ما العلامة الإعرابية لكلمة «المدينة»؟,طُبّق,عُدّل السؤال ليطلب العلامة الإعرابية لكلمة «المدينة».,
200,Sherif Gomaa,الدرس ٧: تحدّي القراءة للمستوى الأول,لا؛ ....,«خالد» هو الفاعل؛ و«المدينة» بعد حرف جر.,لم يُجرَ تعديل جديد؛ النص موجود حاليًا,لم أجرِ تعديلًا جديدًا لهذا الموضع في هذه الجولة. النص الحالي: ««خالد» هو الفاعل؛ و«المدينة» بعد حرف جر.».,
201,Sherif Gomaa,الدرس ٧: تحدّي القراءة للمستوى الأول,في قولك:,في قولك: «وضع المعلم الكتاب على المكتب»، أي ترتيب صحيح؟,طُبّق,أُضيفت عبارة «في قولك» إلى السؤال كما ورد في التعليق.,
202,Sherif Gomaa,الدرس ٧: تحدّي القراءة للمستوى الأول,والاسم المجرور,ممتاز. حددت الفاعل والمفعول به والاسم المجرور في جملة جديدة.,طُبّق,استُبدلت عبارة «قرينة حرف الجر» بالتسمية الصريحة «الاسم المجرور».,
203,Sherif Gomaa,الدرس ٧: تحدّي القراءة للمستوى الأول,لا؛ ...,اسأل: من وضع ماذا؟ ثم انتبه إلى «على».,لم يُجرَ تعديل جديد؛ النص موجود حاليًا,لم أجرِ تعديلًا جديدًا لهذا الموضع في هذه الجولة. النص الحالي: «اسأل: من وضع ماذا؟ ثم انتبه إلى «على».».,
204,Sherif Gomaa,الدرس ٧: تحدّي القراءة للمستوى الأول,لا؛ لأن لكل اسم علاقة مختلفة بالفعل.,للأسماء علاقات مختلفة بالفعل.,لم يُجرَ تعديل جديد؛ النص موجود حاليًا,لم أجرِ تعديلًا جديدًا لهذا الموضع في هذه الجولة. النص الحالي: «للأسماء علاقات مختلفة بالفعل.».,
205,Sherif Gomaa,الدرس ٨: المعرفة والنكرة,دقائق,المستوى: المستوى الثاني: الأسماء والمطابقة | الزمن التقديري: ٩ دقيقة | المتطلبات السابقة: تحدّي القراءة للمستوى الأول,طُبّق في التطبيق والتصدير,عُدّل عرض مدة الدرس لا نص المنهج: أصبحت صيغة وحدة الدقائق تختار المفرد أو الجمع المناسب للعدد، مع الأرقام العربية.,
206,Sherif Gomaa,الدرس ٨: المعرفة والنكرة,(أل),أن تتعرف «الـ» بوصفها علامة شائعة للاسم المعرفة.,لم يُجرَ تعديل جديد؛ النص موجود حاليًا,لم أجرِ تعديلًا جديدًا لهذا الموضع في هذه الجولة. النص الحالي: «أن تتعرف «الـ» بوصفها علامة شائعة للاسم المعرفة.».,
207,Sherif Gomaa,الدرس ٨: المعرفة والنكرة,التنوين يدخل المعرفة والنكرة (تراجع),أن تتعرف التنوين بوصفه علامة شائعة للاسم النكرة.,طُبّق,عُدّل النص المرتبط بهذا التعليق. قبل: «أن تتعرف التنوين بوصفه علامة شائعة للاسم النكرة.»؛ بعد: «أن تتعرف التنوين بوصفه علامة شائعة غير حصرية للاسم النكرة.».,
208,Sherif Gomaa,الدرس ٨: المعرفة والنكرة,(أل),الاسم المعرفة يدل على شيء معيّن أو معروف، ومن علاماته الشائعة «الـ»: «الكتاب». أمّا النكرة فتدل على شيء غير معيّن: «كتابٌ»، ومن علاماتها الشائعة التنوين.,طُبّق,عُدّل النص المرتبط بهذا التعليق. قبل: «الاسم المعرفة يدل على شيء معيّن أو معروف، ومن علاماته الشائعة «الـ»: «الكتاب». أمّا النكرة فتدل على شيء غير معيّن: «كتابٌ»، ومن علاماتها الشائعة التنوين.»؛ بعد: «الاسم المعرفة يدل على شيء معيّن أو معروف، ومن علاماته الشائعة «الـ»: «الكتاب». أمّا النكرة فهي ما دلّ على مسمّى غير معيّن شائع في جنسه، مثل «كتابٌ». ومن علاماتها قبول دخول «الـ» عليها، ووقوعها موقع الاسم الذي يقبل «الـ»، وصحة دخول «رُبَّ» عليها.».,
209,Sherif Gomaa,الدرس ٨: المعرفة والنكرة,تراجع، ويغير تعريف النكرةالنكرة: مادل على مسمى غير معين، شائع في جنسه، ومن علاماته أنه يقبل دخول أل، ويقع موقع الاسم الذي يقبل  دخول أل، ويصح دخول رب عليه.,الاسم المعرفة يدل على شيء معيّن أو معروف، ومن علاماته الشائعة «الـ»: «الكتاب». أمّا النكرة فتدل على شيء غير معيّن: «كتابٌ»، ومن علاماتها الشائعة التنوين.,طُبّق,عُدّل النص المرتبط بهذا التعليق. قبل: «الاسم المعرفة يدل على شيء معيّن أو معروف، ومن علاماته الشائعة «الـ»: «الكتاب». أمّا النكرة فتدل على شيء غير معيّن: «كتابٌ»، ومن علاماتها الشائعة التنوين.»؛ بعد: «الاسم المعرفة يدل على شيء معيّن أو معروف، ومن علاماته الشائعة «الـ»: «الكتاب». أمّا النكرة فهي ما دلّ على مسمّى غير معيّن شائع في جنسه، مثل «كتابٌ». ومن علاماتها قبول دخول «الـ» عليها، ووقوعها موقع الاسم الذي يقبل «الـ»، وصحة دخول «رُبَّ» عليها.».,
210,Sherif Gomaa,الدرس ٨: المعرفة والنكرة,(أل),في «الكِتَابُ جَدِيدٌ»، «الكتاب» معرفة لدخول «الـ» عليه، و«جديدٌ» نكرة منوّنة. وكلاهما مرفوع لأنه مبتدأ وخبر.,لم يُجرَ تعديل جديد؛ النص موجود حاليًا,لم أجرِ تعديلًا جديدًا لهذا الموضع في هذه الجولة. النص الحالي: «في «الكِتَابُ جَدِيدٌ»، «الكتاب» معرفة لدخول «الـ» عليه، و«جديدٌ» نكرة منوّنة. وكلاهما مرفوع لأنه مبتدأ وخبر.».,
211,Sherif Gomaa,الدرس ٨: المعرفة والنكرة,كلمة(جديد) نكرة؛ لأنها تقبل دخول(أل),التنوين من علامات النكرة، والخبر مرفوع.,طُبّق,عُدّل النص المرتبط بهذا التعليق. قبل: «التنوين من علامات النكرة، والخبر مرفوع.»؛ بعد: ««جديدٌ» نكرة تقبل دخول «الـ» («الجديد»)، والتنوين علامة شائعة لها؛ والخبر مرفوع.».,
212,Sherif Gomaa,الدرس ٨: المعرفة والنكرة,(أل),«الـ» والتنوين علامتان نافعتان للمبتدئ، لكن الأعلام والضمائر وتراكيب أخرى قد تكون معارف أيضًا. استخدم الآن العلامة الظاهرة مع تركيب الجملة.,طُبّق,عُدّل النص المرتبط بهذا التعليق. قبل: ««الـ» والتنوين علامتان نافعتان للمبتدئ، لكن الأعلام والضمائر وتراكيب أخرى قد تكون معارف أيضًا. استخدم الآن العلامة الظاهرة مع تركيب الجملة.»؛ بعد: ««الـ» والتنوين علامتان نافعتان، لكنهما ليستا معيارًا قاطعًا؛ فالعَلَم «محمدٌ» معرفة مع أنه منوّن، وقد تكتسب الأسماء التعريف بطرق أخرى. اجمع بين العلامة الظاهرة وتركيب الجملة.».,
213,Sherif Gomaa,الدرس ٨: المعرفة والنكرة,تراجع,«الـ» والتنوين علامتان نافعتان للمبتدئ، لكن الأعلام والضمائر وتراكيب أخرى قد تكون معارف أيضًا. استخدم الآن العلامة الظاهرة مع تركيب الجملة.,طُبّق,عُدّل النص المرتبط بهذا التعليق. قبل: ««الـ» والتنوين علامتان نافعتان للمبتدئ، لكن الأعلام والضمائر وتراكيب أخرى قد تكون معارف أيضًا. استخدم الآن العلامة الظاهرة مع تركيب الجملة.»؛ بعد: ««الـ» والتنوين علامتان نافعتان، لكنهما ليستا معيارًا قاطعًا؛ فالعَلَم «محمدٌ» معرفة مع أنه منوّن، وقد تكتسب الأسماء التعريف بطرق أخرى. اجمع بين العلامة الظاهرة وتركيب الجملة.».,
214,Sherif Gomaa,الدرس ٨: المعرفة والنكرة,المعارف أنواع فمنها: الكلمة التي فيها (أل) غالبا,«الـ» والتنوين علامتان نافعتان للمبتدئ، لكن الأعلام والضمائر وتراكيب أخرى قد تكون معارف أيضًا. استخدم الآن العلامة الظاهرة مع تركيب الجملة.,طُبّق,عُدّل النص المرتبط بهذا التعليق. قبل: ««الـ» والتنوين علامتان نافعتان للمبتدئ، لكن الأعلام والضمائر وتراكيب أخرى قد تكون معارف أيضًا. استخدم الآن العلامة الظاهرة مع تركيب الجملة.»؛ بعد: ««الـ» والتنوين علامتان نافعتان، لكنهما ليستا معيارًا قاطعًا؛ فالعَلَم «محمدٌ» معرفة مع أنه منوّن، وقد تكتسب الأسماء التعريف بطرق أخرى. اجمع بين العلامة الظاهرة وتركيب الجملة.».,
215,Sherif Gomaa,الدرس ٨: المعرفة والنكرة,لأن كلمة( البيت) فيها (أل).,صحيح. «الـ» علامة ظاهرة للتعريف.,لم يُجرَ تعديل جديد؛ النص موجود حاليًا,لم أجرِ تعديلًا جديدًا لهذا الموضع في هذه الجولة. النص الحالي: «صحيح. «الـ» علامة ظاهرة للتعريف.».,
216,Sherif Gomaa,الدرس ٨: المعرفة والنكرة,بكرة؛ لأنها تقبل دخول (أل) عليها، فيمكن أن نقول:(البيت),«بيتٌ» نكرة تقبل دخول «الـ» فتصير «البيت».,طُبّق,عُدّلت التغذية الراجعة لتذكر أن «بيتٌ» نكرة تقبل دخول «الـ» فتصير «البيت».,
217,Sherif Gomaa,الدرس ٨: المعرفة والنكرة,نكرة؛ لأنه يمكن أن تقول( الكتاب) فما فيه (أل) معرفة، والمجرد من (أل) (كتاب) نكرة.,«كتابٌ» منوّن، فهو نكرة هنا.,طُبّق,عُدّل النص المرتبط بهذا التعليق. قبل: ««كتابٌ» منوّن، فهو نكرة هنا.»؛ بعد: ««كتابٌ» نكرة هنا؛ فإذا دخلت عليه «الـ» صار «الكتاب» معرفة.».,
218,Sherif Gomaa,الدرس ٨: المعرفة والنكرة,لأنه بصح أن نقول(القلم) فـ(القلم) معرفة، و(قلم) نكرة.,صحيح. التنوين علامة شائعة للتنكير.,طُبّق,عُدّل النص المرتبط بهذا التعليق. قبل: «صحيح. التنوين علامة شائعة للتنكير.»؛ بعد: «صحيح. «قلمٌ» نكرة؛ فإذا دخلت عليه «الـ» صار «القلم» معرفة.».,
219,Sherif Gomaa,الدرس ٨: المعرفة والنكرة,(أل),دخول «الـ» جعل «القلم» معرفة.,لم يُجرَ تعديل جديد؛ النص موجود حاليًا,لم أجرِ تعديلًا جديدًا لهذا الموضع في هذه الجولة. النص الحالي: «دخول «الـ» جعل «القلم» معرفة.».,
220,Sherif Gomaa,الدرس ٨: المعرفة والنكرة,(أل),دخول «الـ»,لم يُجرَ تعديل جديد؛ النص موجود حاليًا,لم أجرِ تعديلًا جديدًا لهذا الموضع في هذه الجولة. النص الحالي: «دخول «الـ»».,
221,Sherif Gomaa,الدرس ٨: المعرفة والنكرة,(أل),صحيح. «الـ» تدل على كتاب معيّن.,لم يُجرَ تعديل جديد؛ النص موجود حاليًا,لم أجرِ تعديلًا جديدًا لهذا الموضع في هذه الجولة. النص الحالي: «صحيح. «الـ» تدل على كتاب معيّن.».,
222,Sherif Gomaa,الدرس ٨: المعرفة والنكرة,(أل) والتنوين لايجتمعان,«الكتاب» غير منوّن؛ والتنوين يدل غالبًا على التنكير.,طُبّق,عُدّل النص المرتبط بهذا التعليق. قبل: ««الكتاب» غير منوّن؛ والتنوين يدل غالبًا على التنكير.»؛ بعد: «لا يجتمع «الـ» والتنوين في هذا الاسم؛ و«الـ» جعلت «الكتاب» معرفة.».,
223,Sherif Gomaa,الدرس ٨: المعرفة والنكرة,الفعل ليس علامة للتعريف,هذه الجملة تبدأ باسم، لا بفعل.,طُبّق,عُدّل النص المرتبط بهذا التعليق. قبل: «هذه الجملة تبدأ باسم، لا بفعل.»؛ بعد: «الفعل السابق لا يجعل الاسم معرفة؛ الذي عرّف «الكتاب» هو «الـ».».,
224,Sherif Gomaa,الدرس ٨: المعرفة والنكرة,عين الخبر فيما يلي,عيّن الخبر في «الباب مفتوح»، ثم اختر القراءة التي تجعل «مفتوح» خبرًا نكرة.,طُبّق,جمع السؤال بين طلب تعيين الخبر كما ورد في التعليق، والتمييز بين قراءات «مفتوح» المطلوبة في التمرين.,
225,Sherif Gomaa,الدرس ٨: المعرفة والنكرة,خبر للمبتدأ، وهو نكرة؛ لأنه يقبل (أل),صحيح. الخبر النكرة مرفوع مع التنوين.,طُبّق,عُدّل النص المرتبط بهذا التعليق. قبل: «صحيح. الخبر النكرة مرفوع مع التنوين.»؛ بعد: «صحيح. «مفتوحٌ» خبر نكرة يقبل دخول «الـ»، والخبر مرفوع.».,
226,Sherif Gomaa,الدرس ٨: المعرفة والنكرة,(أل) تجعل الكلمة معرفة، فتصير صفة لـ(الباب).,إضافة «الـ» تجعل الكلمة معرفة وتغيّر النمط المقصود.,طُبّق,عُدّل النص المرتبط بهذا التعليق. قبل: «إضافة «الـ» تجعل الكلمة معرفة وتغيّر النمط المقصود.»؛ بعد: «إضافة «الـ» تجعل الكلمة معرفة، كما في «الباب المفتوح»، فلا تكون خبرًا نكرة.».,
227,Sherif Gomaa,الدرس ٨: المعرفة والنكرة,الخبر يكون مرفوعا وليس منصوبا.,الخبر هنا مرفوع، وليس منصوبًا.,لم يُجرَ تعديل جديد؛ النص موجود حاليًا,لم أجرِ تعديلًا جديدًا لهذا الموضع في هذه الجولة. النص الحالي: «الخبر هنا مرفوع، وليس منصوبًا.».,
228,Sherif Gomaa,الدرس ٨: المعرفة والنكرة,لأن في الكلمة (أل),صحيح. «الـ» عرّفت المدرسة.,لم يُجرَ تعديل جديد؛ النص موجود حاليًا,لم أجرِ تعديلًا جديدًا لهذا الموضع في هذه الجولة. النص الحالي: «صحيح. «الـ» عرّفت المدرسة.».,
229,Sherif Gomaa,الدرس ٨: المعرفة والنكرة,لا؛ لأن الكلمة يمكنها قبول (أل),«مدرسةٌ» نكرة تقبل دخول «الـ» فتصير «المدرسة».,طُبّق,عُدّلت التغذية الراجعة لتوضح أن «مدرسةٌ» نكرة تقبل دخول «الـ».,
230,Sherif Gomaa,الدرس ٨: المعرفة والنكرة,لا؛ لأن الكلمة تقبل (أل).,«غرفةٌ» نكرة تقبل دخول «الـ» فتصير «الغرفة».,طُبّق,عُدّلت التغذية الراجعة لتوضح أن «غرفةٌ» نكرة تقبل دخول «الـ».,
231,Sherif Gomaa,الدرس ٨: المعرفة والنكرة,لأنها تقبل (أل) فتقول: المعلم,صحيح. التنوين هو العلامة الظاهرة.,طُبّق,عُدّل النص المرتبط بهذا التعليق. قبل: «صحيح. التنوين هو العلامة الظاهرة.»؛ بعد: «صحيح. «مُعَلِّمٌ» نكرة تقبل دخول «الـ» فتصير «المُعَلِّم».».,
232,Sherif Gomaa,الدرس ٨: المعرفة والنكرة,(أل),«الـ» جعلت «المعلم» معرفة.,لم يُجرَ تعديل جديد؛ النص موجود حاليًا,لم أجرِ تعديلًا جديدًا لهذا الموضع في هذه الجولة. النص الحالي: ««الـ» جعلت «المعلم» معرفة.».,
233,Sherif Gomaa,الدرس ٨: المعرفة والنكرة,(أل),«الـ» جعلت «المعلم» معرفة.,لم يُجرَ تعديل جديد؛ النص موجود حاليًا,لم أجرِ تعديلًا جديدًا لهذا الموضع في هذه الجولة. النص الحالي: ««الـ» جعلت «المعلم» معرفة.».,
234,Sherif Gomaa,الدرس ٨: المعرفة والنكرة,(أل),«الـ» جعلت «الطالب» معرفة.,لم يُجرَ تعديل جديد؛ النص موجود حاليًا,لم أجرِ تعديلًا جديدًا لهذا الموضع في هذه الجولة. النص الحالي: ««الـ» جعلت «الطالب» معرفة.».,
